cemetery_id,cemetery_name,lat,lon,cemetery_state,cemetery_city,cemetery_country,1-Jan,2-Jan,3-Jan,4-Jan,5-Jan,6-Jan,7-Jan,8-Jan,9-Jan,10-Jan,11-Jan,12-Jan,13-Jan,14-Jan,15-Jan,16-Jan,17-Jan,18-Jan,19-Jan,20-Jan,21-Jan,22-Jan,23-Jan,24-Jan,25-Jan,26-Jan,27-Jan,28-Jan,29-Jan,30-Jan,31-Jan,1-Feb,2-Feb,3-Feb,4-Feb,5-Feb,6-Feb,7-Feb,8-Feb,9-Feb,10-Feb,11-Feb,12-Feb,13-Feb,14-Feb,15-Feb,16-Feb,17-Feb,18-Feb,19-Feb,20-Feb,21-Feb,22-Feb,23-Feb,24-Feb,25-Feb,26-Feb,27-Feb,28-Feb,1-Mar,2-Mar,3-Mar,4-Mar,5-Mar,6-Mar,7-Mar,8-Mar,9-Mar,10-Mar,11-Mar,12-Mar,13-Mar,14-Mar,15-Mar,16-Mar,17-Mar,18-Mar,19-Mar,20-Mar,21-Mar,22-Mar,23-Mar,24-Mar,25-Mar,26-Mar,27-Mar,28-Mar,29-Mar,30-Mar,31-Mar,1-Apr,2-Apr,3-Apr,4-Apr,5-Apr,6-Apr,7-Apr,8-Apr,9-Apr,10-Apr,11-Apr,12-Apr,13-Apr,14-Apr,15-Apr,16-Apr,17-Apr,18-Apr,19-Apr,20-Apr,21-Apr,22-Apr,23-Apr,24-Apr,25-Apr,26-Apr,27-Apr,28-Apr,29-Apr,30-Apr,1-May,2-May,3-May,4-May,5-May,6-May,7-May,8-May,9-May,10-May,11-May,12-May,13-May,14-May,15-May,16-May,17-May,18-May,19-May,20-May,21-May,22-May,23-May,24-May,25-May,26-May,27-May,28-May,29-May,30-May,31-May,1-Jun,2-Jun,3-Jun,4-Jun,5-Jun,6-Jun,7-Jun,8-Jun,9-Jun,10-Jun,11-Jun,12-Jun,13-Jun,14-Jun,15-Jun,16-Jun,17-Jun,18-Jun,19-Jun,20-Jun,21-Jun,22-Jun,23-Jun,24-Jun,25-Jun,26-Jun,27-Jun,28-Jun,29-Jun,30-Jun,1-Jul,2-Jul,3-Jul,4-Jul,5-Jul,6-Jul,7-Jul,8-Jul,9-Jul,10-Jul,11-Jul,12-Jul,13-Jul,14-Jul,15-Jul,16-Jul,17-Jul,18-Jul,19-Jul,20-Jul,21-Jul,22-Jul,23-Jul,24-Jul,25-Jul,26-Jul,27-Jul,28-Jul,29-Jul,30-Jul,31-Jul,1-Aug,2-Aug,3-Aug,4-Aug,5-Aug,6-Aug,7-Aug,8-Aug,9-Aug,10-Aug,11-Aug,12-Aug,13-Aug,14-Aug,15-Aug,16-Aug,17-Aug,18-Aug,19-Aug,20-Aug,21-Aug,22-Aug,23-Aug,24-Aug,25-Aug,26-Aug,27-Aug,28-Aug,29-Aug,30-Aug,31-Aug,1-Sep,2-Sep,3-Sep,4-Sep,5-Sep,6-Sep,7-Sep,8-Sep,9-Sep,10-Sep,11-Sep,12-Sep,13-Sep,14-Sep,15-Sep,16-Sep,17-Sep,18-Sep,19-Sep,20-Sep,21-Sep,22-Sep,23-Sep,24-Sep,25-Sep,26-Sep,27-Sep,28-Sep,29-Sep,30-Sep,1-Oct,2-Oct,3-Oct,4-Oct,5-Oct,6-Oct,7-Oct,8-Oct,9-Oct,10-Oct,11-Oct,12-Oct,13-Oct,14-Oct,15-Oct,16-Oct,17-Oct,18-Oct,19-Oct,20-Oct,21-Oct,22-Oct,23-Oct,24-Oct,25-Oct,26-Oct,27-Oct,28-Oct,29-Oct,30-Oct,31-Oct,1-Nov,2-Nov,3-Nov,4-Nov,5-Nov,6-Nov,7-Nov,8-Nov,9-Nov,10-Nov,11-Nov,12-Nov,13-Nov,14-Nov,15-Nov,16-Nov,17-Nov,18-Nov,19-Nov,20-Nov,21-Nov,22-Nov,23-Nov,24-Nov,25-Nov,26-Nov,27-Nov,28-Nov,29-Nov,30-Nov,1-Dec,2-Dec,3-Dec,4-Dec,5-Dec,6-Dec,7-Dec,8-Dec,9-Dec,10-Dec,11-Dec,12-Dec,13-Dec,14-Dec,15-Dec,16-Dec,17-Dec,18-Dec,19-Dec,20-Dec,21-Dec,22-Dec,23-Dec,24-Dec,25-Dec,26-Dec,27-Dec,28-Dec,29-Dec,30-Dec,31-Dec
10978,Center Cemetery,41.3861084,-72.86556244,Connecticut,North Haven,United States,36,66,52,64,35,86,81,81,36,10,42,61,46,52,16,91,36,41,17,16,34,-7,27,70,62,100,0,95,3,34,38,29,45,89,46,57,48,66,67,25,67,63,-10,80,17,13,37,5,80,37,-2,77,12,-5,66,49,98,14,11,14,68,69,68,11,44,66,13,-8,27,26,38,75,46,68,99,33,-7,45,31,79,92,30,92,7,-7,2,68,21,56,91,2,3,99,91,-3,-2,25,1,-9,40,-3,31,59,15,-2,20,50,57,17,78,64,29,41,45,12,23,69,31,18,15,16,24,-9,70,-2,49,63,97,51,14,-10,-10,98,5,-5,80,100,74,86,92,-1,47,76,98,5,77,4,-4,83,18,9,55,76,4,24,37,95,65,84,25,-5,52,69,77,44,95,77,74,42,36,43,92,18,-3,88,95,-1,19,32,43,1,85,53,59,91,35,31,23,3,65,89,83,43,37,-5,82,74,32,92,86,40,30,69,34,69,17,48,100,5,6,55,25,67,34,0,1,53,78,29,56,8,18,18,62,50,81,93,59,49,-3,1,67,17,57,64,29,78,26,2,6,100,49,33,90,30,49,97,98,68,94,16,36,20,-3,16,49,39,81,3,59,41,7,79,-1,-8,12,27,47,2,81,60,11,77,35,3,10,54,18,6,50,39,-1,100,-10,73,65,68,55,68,45,-4,34,0,3,1,-1,86,32,49,95,-3,61,-3,80,95,41,39,41,96,76,80,-5,50,95,70,74,28,11,100,-7,19,99,61,17,19,56,7,46,29,60,90,49,35,55,2,-6,12,27,73,53,53,4,-1,19,55,46,46,-3,93,74,55,15,97,10,60,17,10,14,47,46,17,9,84,92,6
11533,West Side Cemetery,41.34860992,-72.65499878,Connecticut,Madison,United States,49,32,9,42,49,41,33,41,40,5,35,46,72,43,68,17,64,27,56,92,56,9,52,78,87,82,25,86,32,54,90,0,1,69,32,29,91,31,77,35,55,17,97,86,37,37,38,86,76,3,25,8,14,48,5,16,75,1,17,93,53,3,60,37,30,100,93,62,40,58,67,100,73,75,80,89,18,71,82,-6,29,13,34,17,1,22,40,43,98,33,91,69,-9,9,86,21,62,59,36,33,38,30,29,-5,28,48,100,32,44,96,80,55,98,87,14,81,56,74,23,75,29,1,9,22,71,-5,38,93,84,50,12,92,28,36,39,99,50,96,96,93,73,6,11,44,5,57,84,30,94,-9,99,61,30,84,16,6,89,93,15,3,-6,31,15,51,56,85,83,32,19,85,42,91,44,29,55,65,10,29,-9,63,91,71,57,89,46,9,16,62,67,34,67,80,1,-4,-3,86,61,99,13,21,68,33,41,-4,10,18,69,1,39,48,88,32,92,18,80,43,0,2,76,58,62,30,24,20,40,-10,68,9,27,-8,22,92,24,69,55,92,27,98,33,97,42,34,74,99,54,-9,63,83,45,65,54,1,22,67,22,73,59,87,64,79,60,79,24,1,9,67,20,100,14,0,74,50,-7,2,84,51,58,82,62,26,19,94,27,72,59,88,48,75,11,34,84,3,76,6,12,71,64,31,45,-2,40,1,23,60,76,40,86,40,7,41,32,61,67,32,-6,7,-10,90,42,36,34,-3,78,83,23,-8,78,57,14,86,24,31,31,-2,88,26,61,5,-1,38,74,31,-7,31,64,96,74,-1,89,19,8,99,55,39,53,80,17,98,13,60,47,70,95,69,25
18471,Lewisville Cemetery,43.68333054,-112.0283279,Idaho,Lewisville,United States,-8,57,0,15,88,29,1,9,35,-1,88,-10,67,-6,61,20,61,58,35,99,16,32,-3,18,43,-7,99,87,21,13,44,54,94,82,39,30,28,-6,47,28,70,44,51,48,48,60,78,51,94,83,20,89,30,12,34,85,55,71,64,33,72,48,30,98,3,56,77,-9,-5,-3,62,63,62,30,27,43,62,28,97,65,89,78,96,34,71,18,69,100,44,14,72,21,83,-5,76,-1,70,29,87,57,42,-4,-7,50,2,6,64,49,39,71,46,23,49,25,49,23,42,4,60,63,97,3,45,24,30,37,3,66,34,56,100,5,100,56,84,63,-1,47,15,23,56,63,36,88,93,55,49,27,-7,25,46,29,13,87,37,70,54,53,15,73,12,45,-9,41,-2,24,89,86,97,-8,-7,39,5,16,77,14,81,80,56,39,57,68,43,12,86,16,68,-8,34,22,72,46,38,72,73,-6,34,45,22,-5,0,-3,68,34,65,92,75,50,90,70,12,83,20,4,13,43,95,79,56,-3,19,79,39,71,87,49,43,2,-6,47,22,16,-7,3,25,7,77,57,58,78,43,16,18,-10,88,70,90,-2,77,79,32,28,11,24,-8,45,83,82,-1,97,80,63,100,45,78,19,5,12,30,72,97,54,-5,31,5,99,3,31,52,27,68,8,67,75,64,51,63,-5,97,19,42,98,92,4,95,58,89,-6,-5,15,86,9,77,78,-6,-8,28,83,51,83,3,50,44,50,-4,-7,14,27,74,94,50,70,-8,11,-5,22,47,69,39,-2,8,4,77,31,11,51,-3,89,70,15,91,32,79,85,-1,58,-1,3,51,94,95,72,49,41,36,-10,33,9,71,94,41,94,40,31,61
18635,View Cemetery,42.44361451,-113.6570997,Idaho,Burley,United States,81,84,97,82,58,21,89,81,27,78,86,49,84,28,58,90,90,47,59,7,41,69,99,16,32,48,28,12,93,17,23,51,97,94,9,18,74,91,43,43,43,46,89,71,0,24,76,95,17,19,0,15,15,64,30,92,87,77,14,74,92,79,57,76,86,25,47,86,48,93,20,-9,55,-6,24,6,99,70,19,76,33,5,-1,100,1,-9,3,37,23,74,21,96,46,-10,74,50,63,-8,40,90,19,50,4,84,-8,34,60,85,7,9,24,81,7,2,30,-3,99,24,-2,85,58,32,72,43,8,2,9,20,64,34,0,72,28,41,35,57,-1,23,33,-1,8,30,26,-6,47,18,36,-4,67,74,85,45,32,35,6,41,72,69,59,36,95,27,76,65,51,25,20,26,60,18,45,95,62,10,84,37,35,22,17,1,15,3,19,80,-7,10,81,79,67,22,53,57,71,20,11,34,94,-8,70,35,11,92,94,40,19,32,57,-10,-4,1,-5,19,57,94,23,-8,81,67,67,24,43,38,31,-7,-3,76,96,91,9,76,49,88,2,67,59,27,96,17,47,52,51,6,41,55,15,86,69,35,19,16,40,7,77,-7,0,7,70,27,17,19,72,75,39,43,43,85,69,17,-5,58,80,86,99,13,40,71,68,0,59,19,15,14,37,19,44,90,11,-8,35,96,79,68,83,49,96,77,85,82,33,16,48,66,43,49,70,25,55,46,59,89,92,63,38,73,87,-1,33,31,56,29,75,67,33,57,38,6,37,68,50,85,46,16,26,26,69,100,27,93,35,30,10,99,25,57,7,28,22,63,-9,86,72,73,5,83,62,47,34,6,59,35,30,87,47,43,58
24885,Union Cemetery,41.57971954,-89.27971649,Illinois,La Moille,United States,40,41,83,67,87,60,25,18,27,27,13,64,23,15,38,12,27,6,71,82,26,91,77,48,54,51,45,-6,-4,32,35,-9,68,-2,18,21,70,67,41,81,0,86,24,88,88,71,32,38,42,72,75,42,-8,47,-9,84,61,0,12,69,27,80,28,-9,81,48,40,80,69,55,41,55,-5,90,34,8,21,21,72,33,80,83,34,51,-10,75,47,61,83,23,71,83,26,-10,69,-7,18,34,35,25,62,90,-3,21,51,8,41,66,17,68,93,40,18,12,83,17,45,0,19,5,-6,100,7,98,21,53,16,38,99,79,57,31,92,78,88,10,40,83,-1,27,100,1,58,31,50,21,66,76,34,84,75,83,64,61,83,28,54,98,69,70,39,36,76,64,98,56,88,-7,46,67,64,48,21,63,87,25,36,-10,94,14,5,63,50,34,82,18,94,6,62,67,71,0,92,23,98,7,80,96,33,30,65,94,17,31,66,51,72,57,30,-3,2,95,32,63,10,48,27,53,41,22,-4,7,30,7,79,53,20,67,74,50,72,26,65,44,-4,51,48,78,77,23,39,99,69,0,78,4,31,64,30,24,67,31,54,32,3,30,68,77,15,10,23,-8,47,18,43,-6,44,-3,54,85,35,12,57,23,35,38,97,81,21,35,91,26,64,11,9,86,14,20,100,31,1,52,52,95,46,36,99,18,35,90,6,48,-4,58,39,54,-9,32,-6,-7,27,57,-6,31,32,53,35,52,0,78,17,72,95,71,99,-7,45,32,96,52,27,49,83,12,58,46,-4,3,7,35,72,94,93,63,37,37,65,92,0,61,54,100,18,3,-1,40,54,32,63,7,2,82,100,52,15
33266,Belknap Cemetery,41.29249954,-95.44249725,Iowa,Oakland,United States,52,41,21,15,82,33,36,-10,62,-10,19,-1,9,87,78,2,7,40,-5,32,74,50,48,5,36,53,6,54,6,0,99,84,82,83,-3,83,59,67,49,69,43,60,87,-2,47,-3,13,25,62,45,87,97,39,36,57,-7,88,38,92,3,70,74,96,69,52,34,91,68,-7,51,100,95,18,44,29,11,68,89,75,12,23,64,95,32,29,77,33,22,63,58,72,61,1,86,56,5,21,35,55,95,3,38,40,23,6,88,53,69,0,26,68,8,72,61,68,95,15,76,30,25,34,93,23,4,46,65,78,64,8,83,84,27,38,100,52,46,51,3,37,97,95,99,47,22,7,20,26,1,75,2,21,-1,74,50,72,1,31,35,23,77,1,92,71,67,27,76,74,91,90,-1,55,83,46,35,38,56,64,74,58,75,48,16,16,85,28,98,94,15,86,76,32,54,66,70,100,54,79,6,25,63,33,-8,24,57,17,6,63,0,30,2,39,55,45,-7,-5,54,73,5,1,31,68,9,4,61,77,34,75,82,26,50,67,78,92,10,-3,-6,64,45,34,18,74,-2,39,67,98,99,20,11,83,79,82,26,52,27,48,-2,66,10,89,84,91,78,3,29,6,80,16,55,-3,-1,41,54,38,46,86,51,22,24,5,-8,7,62,5,63,12,91,-6,70,84,44,100,11,34,72,44,33,33,39,34,85,88,20,63,52,-10,20,93,-3,31,-10,33,28,22,57,91,21,98,57,4,27,56,72,35,22,28,90,37,-3,87,20,62,52,44,67,-6,68,-7,14,8,94,7,86,83,54,93,19,41,-10,55,90,74,19,97,15,84,79,29,18,99,-8,93,48,-3,17,35
33343,Booneville Cemetery,41.52944183,-93.88443756,Iowa,Waukee,United States,46,17,99,35,0,99,87,99,70,71,16,69,69,57,44,28,8,20,86,92,46,41,16,68,51,63,64,84,-1,8,17,18,43,81,46,15,46,10,24,73,-7,34,28,50,95,60,100,69,31,68,81,44,18,70,78,49,67,98,2,78,-10,40,96,95,72,68,86,70,-1,60,31,68,57,89,99,66,-6,56,-4,65,71,5,57,98,62,72,38,40,37,39,1,55,49,17,20,71,64,28,83,30,3,54,77,5,66,80,41,32,-3,39,38,100,46,95,89,0,11,-3,95,-9,41,34,6,94,43,6,17,31,92,14,34,13,29,86,33,58,-5,26,9,95,26,92,-5,-2,12,-5,51,55,48,21,39,90,67,38,47,77,48,0,21,99,9,11,-10,66,19,21,77,-10,98,6,76,63,33,37,-6,60,70,-8,-4,86,30,30,28,74,18,64,88,59,99,16,82,2,47,70,75,58,95,-6,50,64,59,73,30,49,89,22,97,-4,47,89,-9,69,50,37,42,58,68,33,7,10,90,35,60,46,35,3,5,17,6,86,51,15,15,91,95,34,84,9,86,46,82,18,64,-3,58,13,86,6,20,19,58,12,30,40,35,1,93,71,39,51,63,-6,72,54,35,37,17,71,22,35,54,89,91,9,4,-3,86,30,24,-9,-2,42,82,-5,14,7,2,95,92,44,54,47,48,49,94,77,12,14,21,93,88,66,84,67,94,-8,97,60,19,88,48,32,37,25,47,-10,-10,-9,2,-1,41,37,88,47,23,30,76,100,81,10,44,61,70,3,36,75,85,63,63,41,92,53,51,17,49,61,66,57,56,7,78,49,2,62,73,-3,-9,52,90,15,69,-4,-8,8,46
34669,Oaklawn Cemetery,41.32611084,-95.38194275,Iowa,Oakland,United States,-3,-8,32,60,56,49,100,93,-4,92,72,21,91,18,-10,33,25,18,46,1,6,100,98,37,95,100,83,66,37,37,19,32,31,65,15,42,47,67,87,54,29,16,13,30,-5,74,32,75,16,62,83,71,18,18,85,16,39,50,47,-7,93,13,35,7,16,28,73,71,23,75,80,98,62,25,66,18,29,14,72,82,4,69,0,-9,-9,85,-5,100,4,7,23,30,83,78,84,42,91,98,33,5,1,-4,27,16,-2,96,2,84,25,19,44,4,44,44,64,66,37,18,12,50,46,81,67,3,33,17,42,45,73,97,88,-7,79,26,1,30,58,99,3,94,89,53,89,93,88,-6,66,100,62,89,-7,-10,38,-6,100,54,19,3,85,66,78,43,22,-7,7,57,57,-8,7,23,56,11,74,17,26,1,-6,36,77,2,5,93,70,74,54,36,32,47,13,50,52,99,46,18,72,19,-4,44,61,50,50,94,4,1,89,61,34,16,100,69,9,45,78,64,69,20,10,17,7,-2,19,0,67,63,75,13,74,15,87,46,72,3,12,16,65,78,98,33,62,7,61,54,13,52,59,1,75,12,1,29,-1,100,74,73,8,21,-2,15,7,84,37,82,95,49,66,57,78,68,6,38,63,16,65,-3,78,53,93,61,18,78,97,57,-4,-3,72,38,24,74,23,67,21,55,34,13,88,57,75,39,23,38,31,90,-3,62,28,33,41,46,11,84,22,71,-8,21,9,42,42,62,39,36,76,90,24,58,23,-9,7,12,85,9,36,80,68,-8,88,-5,90,38,22,44,62,41,72,59,76,99,24,75,47,14,22,89,26,97,20,81,19,3,92,98,55,28,13,14,15
43167,Taylor Cemetery,37.12277985,-86.48332977,Kentucky,Bowling Green,United States,-2,8,13,19,67,70,77,-8,4,69,45,67,64,25,72,46,76,34,99,28,38,23,96,64,42,92,16,2,-7,6,44,30,64,-2,-3,33,57,3,69,95,-1,7,94,44,1,23,86,64,25,36,60,75,-4,70,40,11,49,72,76,79,-6,99,11,16,87,75,70,48,5,19,24,5,37,72,75,98,41,-7,55,52,-9,32,86,44,83,4,9,-8,43,96,56,79,-1,24,75,93,95,-2,94,49,54,49,74,20,5,99,36,100,46,3,-6,9,26,57,18,75,91,68,-6,17,86,60,25,88,81,36,96,94,64,84,95,97,3,33,67,23,70,58,87,45,95,46,29,28,79,88,71,96,95,4,86,89,40,2,58,60,32,18,84,-7,75,5,49,7,96,22,70,81,1,4,44,-4,66,65,27,55,71,24,6,64,-4,97,79,64,65,100,33,43,98,91,64,72,28,49,88,57,41,83,94,54,28,47,73,-8,93,4,81,10,36,9,91,-2,-3,41,42,36,69,67,29,7,40,-9,16,34,62,22,67,80,42,19,88,33,25,33,100,80,33,27,91,55,86,100,59,31,92,64,68,43,97,63,15,8,72,18,73,47,28,51,0,18,97,59,79,12,-2,5,46,25,-3,2,11,-2,20,28,41,72,-2,-7,98,13,96,97,6,40,20,65,45,82,95,84,94,24,100,83,96,7,43,-1,74,-10,33,70,88,55,88,69,34,30,7,50,83,21,83,57,75,72,78,1,90,22,55,69,49,41,49,-6,0,72,-9,59,93,-7,95,95,54,51,87,51,6,88,83,50,58,51,41,79,32,29,39,43,-9,30,20,22,51,83,28,78,50,97,18,20,91,90,60
48687,Bridge Street Cemetery,42.32500076,-72.6277771,Massachusetts,Northampton,United States,40,-5,96,32,4,96,93,67,13,53,50,66,10,97,70,86,3,59,15,55,64,1,13,24,43,88,9,62,74,43,19,88,60,87,70,73,2,39,11,68,100,14,48,82,34,24,19,54,38,69,54,55,20,97,31,36,9,46,89,23,9,22,62,14,94,26,70,-4,-6,80,45,42,43,-6,90,90,17,26,-8,-3,-6,46,83,28,64,74,78,-6,60,18,45,-1,27,56,37,76,14,-9,28,24,43,54,77,86,70,47,65,82,47,56,-3,39,37,1,75,-1,10,10,56,0,16,1,16,88,29,98,71,-8,41,3,25,59,5,19,74,94,63,9,42,82,-7,74,11,89,43,18,32,14,23,30,77,29,90,52,81,22,55,-1,1,53,20,19,20,32,-6,68,87,51,38,-10,21,8,7,48,6,28,39,-6,83,7,59,95,-1,-4,1,14,4,-10,36,33,43,-8,86,35,13,44,31,-3,18,28,-5,86,-3,2,26,32,64,36,17,28,70,17,49,10,71,72,29,67,64,84,10,33,10,87,-4,89,34,82,96,68,77,75,-9,53,-9,89,94,91,63,12,2,87,19,31,-10,4,7,63,45,69,69,-5,63,-1,52,62,83,8,4,41,56,22,95,1,84,94,86,-10,75,23,49,43,82,-8,21,15,84,94,93,9,47,0,94,2,5,95,74,4,8,93,40,97,15,-7,82,51,20,53,17,13,53,36,56,58,57,-6,67,62,65,70,95,93,78,12,34,9,39,5,59,12,14,95,-2,60,65,94,90,18,63,55,39,82,69,44,57,6,9,36,78,23,81,63,-4,27,61,-3,-8,22,94,-6,19,71,61,40,24,49,10,51,85,59,-9,36,64,78,37
49332,Groton Cemetery,42.62194061,-71.56667328,Massachusetts,Groton,United States,24,-10,78,90,90,43,59,71,91,66,4,-5,55,92,81,84,88,33,6,53,-10,83,82,-2,4,78,1,54,92,52,5,63,41,-10,22,41,39,67,93,42,98,39,100,35,84,17,88,60,4,77,21,11,31,81,47,99,-9,-3,73,2,69,-9,79,-3,27,32,97,75,6,5,16,37,86,75,83,19,-2,70,1,85,98,47,28,88,81,14,45,44,67,34,42,47,94,42,84,12,8,24,37,4,83,97,71,67,16,100,66,53,-1,58,98,11,2,59,-7,88,95,89,14,9,-8,60,6,35,53,63,21,26,92,61,-3,55,81,3,18,10,84,73,77,86,34,88,-6,15,57,80,67,18,49,11,34,18,48,36,76,29,71,29,42,96,-2,16,0,69,44,28,44,40,7,61,37,-10,5,58,-5,85,98,77,41,85,-7,-9,45,17,26,-2,58,6,100,32,27,-10,54,81,41,-7,68,90,9,23,-3,4,93,50,24,35,54,4,71,68,94,52,5,30,9,79,20,29,36,70,15,24,23,28,-6,53,5,60,87,-1,89,38,35,19,39,40,76,-6,26,49,73,23,52,46,56,52,53,71,18,60,85,82,92,83,26,90,19,8,39,-1,38,48,34,47,42,-10,64,61,8,-2,89,19,50,76,92,-3,83,32,24,94,22,10,79,65,38,38,6,21,42,35,57,99,46,48,90,19,39,61,50,93,61,57,89,51,13,39,21,21,12,86,50,63,86,13,61,93,39,60,47,35,43,91,61,-9,67,72,93,-3,20,13,-7,7,47,84,-1,20,11,94,1,66,21,94,5,91,5,99,63,-7,79,48,88,30,36,22,19,-9,88,20,95,27,18,60,31,7,10
58914,Yellow Leaf Cemetery,34.30556107,-89.47055817,Mississippi,Oxford,United States,21,51,96,9,56,-10,21,47,24,76,88,55,77,0,-5,77,75,72,-5,45,65,17,85,25,60,65,30,71,78,14,-6,36,96,52,76,-5,96,52,63,48,1,3,76,-4,44,85,22,9,-8,38,59,47,77,82,0,71,60,17,12,75,26,23,76,90,61,67,96,22,31,12,13,7,96,34,19,29,-1,42,42,86,94,91,47,43,34,50,98,-1,60,15,67,52,93,71,99,83,78,20,73,7,49,85,-4,61,29,54,89,-8,-10,38,45,5,11,16,96,65,43,37,76,99,-2,10,85,-5,73,-8,32,18,82,53,58,60,76,71,70,53,25,66,34,80,74,48,80,-9,97,58,38,-9,50,19,9,12,-2,31,100,24,22,63,93,85,28,7,74,8,36,3,8,73,74,85,70,68,19,39,70,41,70,7,79,85,68,24,35,-2,48,5,22,56,8,97,37,97,-9,43,4,65,4,69,11,83,93,-6,78,50,-5,69,63,19,3,89,-9,30,29,99,97,7,-7,45,99,29,78,66,89,19,71,56,11,94,33,48,0,64,96,29,97,22,-9,87,67,44,24,53,14,-4,31,69,14,42,99,2,20,15,11,77,5,79,77,44,41,26,32,63,56,60,45,25,49,50,97,73,59,98,88,93,98,21,29,76,58,73,-9,76,19,14,34,32,39,-1,1,33,11,23,21,14,91,100,71,3,34,2,72,99,23,57,20,46,3,60,-10,42,75,78,11,37,49,53,5,48,63,65,87,79,88,-8,51,2,5,78,69,55,5,19,17,52,-2,73,0,0,18,0,64,-10,97,55,30,2,88,32,71,35,86,76,54,-2,13,28,12,42,23,20,20,55,26,45,-1
62223,Iantha Cemetery,37.52500153,-94.40499878,Missouri,Lamar,United States,29,83,74,68,57,22,15,23,70,50,5,95,85,26,89,21,60,62,66,86,34,36,67,48,45,4,9,53,19,84,56,30,74,99,60,42,22,45,51,27,90,17,39,94,0,28,-9,27,36,0,84,36,64,57,38,71,35,5,-1,35,5,21,16,87,9,83,2,43,38,68,76,74,40,81,97,55,-4,5,-9,20,99,76,53,99,63,99,100,71,43,37,62,96,14,12,30,42,80,90,68,7,6,98,66,44,98,88,74,54,94,17,38,70,52,50,62,8,53,32,9,75,17,79,10,13,95,54,-2,-8,82,41,6,12,34,82,34,23,16,22,20,80,26,67,21,51,84,33,93,5,75,49,10,40,29,-6,58,85,25,82,5,81,48,58,42,69,89,-6,54,37,9,1,47,48,1,94,17,94,-4,38,87,36,91,10,77,48,98,30,15,34,42,-7,11,93,81,26,51,8,17,23,52,46,41,0,99,64,50,26,22,4,22,42,29,84,75,94,71,4,1,18,82,-8,40,34,54,42,17,12,0,83,1,-2,67,13,53,99,35,82,37,78,8,44,82,81,98,93,78,12,2,19,32,71,-5,79,97,63,-5,42,36,64,57,66,66,22,11,-8,49,70,87,89,40,19,70,73,-4,46,70,56,53,92,39,88,22,41,85,92,0,71,74,49,14,98,-9,67,48,9,-1,90,54,59,20,0,64,34,15,52,55,56,6,51,39,13,68,96,0,57,7,77,78,22,-2,27,37,73,-10,2,74,62,94,-2,67,-5,44,100,-6,25,71,15,68,96,25,57,26,55,75,91,61,17,48,57,4,99,22,79,-9,-4,17,48,59,76,100,44,96,51,90,0,84
62651,Memorial Park Cemetery,38.9805603,-94.51444244,Missouri,Kansas City,United States,-2,68,66,87,95,97,24,2,64,78,36,54,11,100,-5,4,52,45,38,44,23,11,25,50,24,-6,90,7,39,43,32,83,84,53,48,21,70,62,33,13,34,8,8,87,66,54,49,35,52,55,-9,15,96,75,27,0,38,1,6,27,92,-5,67,87,56,85,48,78,31,38,96,83,73,76,16,-4,78,2,70,37,96,27,85,79,32,1,88,1,27,97,59,11,59,91,6,23,53,92,60,9,64,-5,4,38,78,4,5,28,16,28,3,19,7,76,64,17,4,66,28,89,19,-5,89,30,87,88,59,99,42,42,19,-6,93,34,37,4,58,88,85,76,62,66,19,48,20,82,65,-7,6,17,84,63,36,63,78,33,51,6,46,-4,-4,-4,73,25,81,56,47,6,27,7,50,45,17,57,9,50,99,43,46,-5,89,9,19,34,16,9,2,35,12,60,79,15,50,88,23,97,18,32,-3,57,5,8,44,-10,90,71,9,18,85,77,45,-9,7,27,85,44,74,59,39,15,94,8,42,83,82,56,77,88,89,28,24,1,40,72,85,-9,16,3,65,12,50,48,74,37,18,24,28,41,65,37,18,17,82,91,63,72,48,12,10,45,65,40,93,50,77,22,50,35,95,73,62,81,6,58,44,64,83,63,69,36,34,40,41,80,5,32,9,48,70,31,5,76,17,88,56,7,93,37,8,48,31,45,51,1,100,97,22,68,15,91,28,58,75,55,27,9,40,30,65,-6,-10,38,9,10,58,92,100,33,40,50,24,80,24,79,65,74,-9,4,43,31,-8,91,23,63,92,78,75,7,97,64,12,-10,52,32,98,0,15,32,51,19,83,60,12,69,-10
68860,Bluewater Cemetery,35.24306107,-107.9686127,New Mexico,Bluewater,United States,24,57,-9,68,98,45,91,67,74,9,95,9,59,69,92,58,33,-3,100,73,81,27,23,0,57,78,46,9,33,33,79,15,97,7,76,51,70,22,-8,12,92,65,75,1,7,75,43,30,31,57,4,-1,47,8,65,-3,8,89,80,39,88,28,-5,51,53,95,99,33,97,22,18,29,53,54,32,84,-6,31,55,45,94,45,8,35,41,31,10,84,-9,20,-5,21,-10,22,87,66,19,17,55,82,56,30,11,99,67,94,97,75,79,38,80,65,98,96,46,50,71,52,-6,44,12,54,33,77,32,85,-4,25,84,16,35,80,9,61,64,75,-10,27,-7,36,66,97,-5,42,16,41,30,54,46,21,-5,12,20,68,73,67,11,58,-2,74,60,71,74,73,81,45,21,38,39,4,66,63,41,91,2,16,71,21,66,55,41,47,92,98,27,97,33,-2,52,27,66,-9,-3,39,45,9,57,88,86,88,61,64,50,-2,19,89,-10,18,31,96,0,11,14,96,49,6,-6,8,-1,23,-5,99,19,5,79,6,77,34,34,49,42,79,57,-5,5,28,17,-9,15,23,30,79,41,79,5,97,53,62,23,41,37,47,14,77,20,80,62,94,28,-10,40,69,64,34,71,96,44,25,91,12,46,27,7,18,78,37,26,69,25,33,35,-8,40,33,53,22,-7,7,79,12,80,17,30,70,76,-5,22,3,66,94,99,82,11,19,16,41,81,86,56,99,-9,50,10,46,67,37,63,32,93,27,14,41,37,-6,95,48,31,31,44,76,98,56,-9,65,22,97,87,7,100,78,55,93,26,11,41,14,68,18,100,46,44,77,72,18,53,66,72,-1,96,41,45,58,57,29,74
70816,Owasco Rural Cemetery,42.84972,-76.44972229,New York,Skaneateles,United States,100,53,48,29,20,55,11,48,90,91,71,12,76,35,68,28,100,70,-3,31,-9,62,91,48,75,38,6,16,60,8,16,43,80,65,29,-1,25,41,9,35,36,26,48,50,8,43,39,84,10,83,38,-3,47,-8,12,28,-2,92,-1,18,25,6,30,-2,43,27,-8,44,88,75,25,0,46,25,-3,32,80,3,71,8,68,100,68,55,68,74,40,94,21,25,18,22,39,99,6,51,69,80,26,24,92,-3,12,7,-9,77,83,89,87,59,91,10,73,34,17,74,88,59,67,-10,-10,18,45,57,66,10,-7,69,14,31,-8,-4,44,63,31,62,-10,53,67,35,20,25,77,13,-9,-6,74,69,59,-10,86,6,54,-9,9,86,19,38,79,53,79,80,36,47,63,20,95,14,16,62,97,40,-2,15,66,14,92,26,59,37,27,91,9,56,-8,26,5,88,29,65,36,94,62,19,38,24,40,38,86,24,7,54,49,22,37,9,36,75,11,70,84,95,80,68,51,67,10,-6,70,47,45,34,75,64,20,97,9,-8,25,39,25,24,37,39,10,24,64,68,38,2,47,45,33,42,69,-9,93,76,68,16,9,2,44,42,85,12,95,9,7,97,35,60,20,59,-3,41,58,17,81,76,51,73,1,55,43,27,31,18,5,77,94,38,89,29,-10,92,11,51,88,59,43,18,52,34,25,0,37,40,23,64,36,13,6,-7,65,92,56,82,88,62,17,30,70,60,55,7,69,68,0,86,79,54,-7,71,35,61,10,63,68,40,6,-8,58,22,24,43,33,97,39,33,18,65,22,86,-10,33,25,-7,25,21,10,67,40,100,-9,85,74,45,1,23,57,93,92,45,54
78777,Sugar Grove Cemetery,39.76694107,-84.53193665,Ohio,West Alexandria,United States,-9,82,20,21,89,99,60,54,36,12,79,71,90,80,38,89,80,-10,55,77,71,64,13,-1,-6,62,56,48,5,45,65,59,45,33,78,4,17,88,-2,26,14,21,93,31,54,60,49,63,79,74,45,89,94,22,37,88,98,85,20,26,71,4,85,-2,100,55,46,35,88,49,37,65,39,93,37,-5,27,6,3,5,20,9,-7,36,10,0,64,65,63,53,84,60,55,95,20,93,96,53,79,-7,3,24,100,17,27,51,8,95,88,-5,31,75,78,27,40,84,71,-8,81,3,27,93,17,30,40,86,77,90,60,34,-1,23,93,78,90,-5,8,33,-9,99,53,85,62,-5,79,53,16,66,81,32,20,-7,88,46,55,74,1,99,83,35,-8,98,-4,74,81,4,8,42,23,100,84,15,24,27,32,35,58,17,67,66,46,98,-4,32,64,59,62,1,30,55,48,-9,45,80,54,59,10,97,6,45,66,12,51,68,5,3,20,-9,55,21,-10,79,84,6,35,23,97,56,29,18,78,59,93,81,29,88,38,-1,96,21,85,7,9,66,75,35,-6,70,19,37,19,-5,44,94,83,-10,55,98,26,8,56,4,-4,73,99,-9,9,45,46,34,86,73,64,51,18,80,58,78,30,3,30,45,34,58,94,-3,68,24,82,60,39,34,68,22,8,6,26,95,67,73,34,8,67,92,86,18,70,18,87,39,21,54,14,98,50,22,52,25,41,49,98,-4,-6,10,37,12,4,53,77,58,95,76,-7,45,2,21,56,13,75,-7,29,11,-7,-8,5,91,8,54,90,82,2,97,67,39,14,66,52,99,47,52,25,39,17,75,27,77,38,9,51,100,10,41,73,38,35
98532,Rocky Valley Cemetery,36.06027985,-83.53333282,Tennessee,New Market,United States,75,8,36,1,11,56,15,40,67,92,-9,90,78,21,0,-10,73,33,78,84,1,10,83,92,84,72,8,89,99,21,57,29,59,14,4,93,35,78,-1,53,9,45,78,41,55,46,97,27,56,1,39,92,55,97,5,40,57,91,23,3,14,81,73,9,63,43,75,75,82,66,85,30,32,99,75,-5,63,40,85,15,19,49,39,25,65,75,61,56,87,-1,44,0,78,9,70,77,99,83,36,15,-7,37,56,-7,46,92,64,56,96,-8,67,65,25,42,75,40,85,44,79,65,17,37,47,59,64,98,47,66,51,24,63,41,56,12,34,10,6,55,12,52,35,99,62,32,95,13,14,3,26,44,-4,17,20,31,93,19,14,61,88,93,78,16,94,46,88,37,90,-2,16,3,64,-2,68,60,55,53,45,58,59,38,64,49,5,36,51,15,7,62,26,26,79,62,72,2,-6,46,50,55,97,62,-2,91,15,-9,74,51,86,83,69,12,-9,21,31,20,30,82,-1,52,37,41,15,17,5,21,80,58,-4,82,93,39,91,18,86,67,64,23,97,74,66,30,-1,47,-1,8,6,65,36,-3,63,15,36,25,23,7,94,94,97,42,41,-2,4,49,61,29,86,79,47,21,33,17,41,12,45,78,78,89,3,93,69,5,-3,69,37,24,50,8,29,19,50,91,100,15,98,63,75,61,74,66,67,79,-2,-3,41,37,44,4,86,-8,5,82,45,31,36,-7,70,8,12,26,48,35,90,53,91,71,0,45,37,34,-1,28,62,-8,99,59,86,37,-3,4,63,11,79,98,2,26,36,2,39,6,36,13,65,12,9,60,57,-5,51,39,84,4,97,26,44,77,17
100086,Harrison Cemetery,35.50638962,-86.58222198,Tennessee,Shelbyville,United States,-4,10,36,75,-5,84,-6,48,100,70,10,70,4,75,30,9,37,92,58,89,-8,25,17,5,4,93,77,17,98,-7,86,24,-1,27,43,91,-4,98,52,40,56,100,0,65,95,17,71,56,55,69,13,-1,62,80,42,42,9,58,29,52,16,44,82,18,29,77,17,1,45,89,26,50,-4,30,99,-6,26,43,10,47,28,99,57,95,14,45,-1,5,72,-5,23,48,-9,66,18,60,49,37,16,76,-10,40,-2,36,-1,47,20,100,7,22,54,75,-9,-8,79,45,47,20,93,83,51,25,63,79,10,20,86,7,62,12,28,57,86,29,39,25,50,84,73,13,-3,60,19,49,29,47,59,91,34,96,0,7,66,64,11,5,46,52,18,13,95,31,-1,29,32,65,34,-4,18,57,90,26,74,66,74,27,36,-6,86,13,57,-6,28,82,77,10,35,35,1,95,38,52,58,32,18,73,27,31,2,15,74,49,12,-1,0,94,63,61,24,48,80,78,79,44,-5,50,55,77,79,25,93,47,-3,29,41,25,92,-6,22,22,57,42,15,22,75,10,42,18,12,29,32,88,71,32,45,38,48,-7,-5,15,13,78,11,71,100,-5,-4,11,0,54,30,34,72,73,5,60,17,19,52,84,42,65,-6,61,53,56,89,4,29,97,10,70,69,4,30,91,36,-7,59,0,50,-5,66,99,-9,-8,76,98,7,48,29,13,36,62,44,7,59,8,-9,5,-5,-3,97,26,77,57,88,85,12,33,30,65,37,40,54,11,74,95,98,54,29,78,99,15,-3,72,77,19,92,-3,41,-8,78,7,96,99,95,30,-10,-5,31,19,-3,46,42,43,22,78,-3,29,70,10,-7,87,48
100420,Broyles Cemetery,36.21278,-82.60111237,Tennessee,Limestone,United States,-8,43,12,-2,99,41,93,68,27,38,94,73,-2,79,54,96,33,-7,-8,98,66,62,100,34,70,97,-6,54,-10,59,79,69,92,52,32,16,85,69,93,0,36,89,41,52,91,94,68,80,24,71,44,33,72,59,51,59,25,85,8,83,46,18,73,80,57,-7,51,43,73,24,-2,70,89,92,26,4,83,12,11,45,8,-5,84,-4,30,77,-4,21,83,-1,100,58,69,-1,91,25,-4,90,72,46,-1,-7,8,32,73,-7,96,92,31,89,6,0,36,85,75,51,4,28,64,92,84,33,6,16,93,52,58,-8,36,-10,0,39,25,76,38,0,28,47,77,-9,98,0,16,81,11,-8,25,72,83,26,79,97,90,36,65,56,88,78,53,-10,-8,-7,18,97,14,5,82,-1,24,70,3,78,66,9,74,46,15,7,-6,27,16,31,66,67,70,19,27,19,99,77,-5,63,21,53,58,-5,96,94,96,29,94,26,75,25,83,-1,34,2,67,67,85,6,3,98,72,-9,51,21,13,25,27,76,69,60,80,81,37,0,92,34,8,6,65,8,42,66,28,6,51,98,87,99,71,50,30,6,-5,0,-7,67,96,37,34,26,92,48,48,71,9,11,72,54,88,92,55,85,20,85,96,7,-6,-8,95,83,82,18,43,55,67,40,67,40,32,94,38,14,71,51,61,50,19,49,-3,95,1,74,7,26,27,71,84,69,37,75,37,85,-1,86,55,44,4,1,49,24,66,92,63,29,33,1,53,80,-2,98,5,57,13,100,-10,19,68,38,50,-8,55,29,82,55,81,20,-6,9,11,-5,61,72,30,83,93,14,75,72,57,89,-7,22,58,7,-6,51,-6,93,89,0,93
100471,Mauk Cemetery,36.16027832,-82.58528137,Tennessee,Limestone,United States,10,3,89,3,23,-6,71,-1,97,91,52,45,39,35,84,1,77,-5,36,47,88,67,49,-7,80,72,56,48,31,25,-9,61,55,-6,-5,34,70,66,87,96,67,19,14,10,70,75,26,2,64,82,28,40,-4,-4,0,24,100,14,1,71,4,8,56,85,63,90,0,54,80,25,50,95,67,29,56,87,27,82,6,35,74,76,0,19,97,1,56,45,7,48,28,19,6,65,50,100,48,11,34,99,41,19,43,-9,94,77,44,96,18,33,42,79,97,13,37,5,34,39,1,27,48,60,18,22,62,8,39,43,48,10,32,83,65,1,-9,19,88,29,88,15,52,94,6,95,74,98,89,13,10,70,56,-8,8,40,31,49,81,-3,43,40,87,78,36,6,40,61,-1,69,50,4,39,97,9,20,59,51,9,81,36,65,89,76,64,47,-4,55,80,18,35,85,72,-8,47,85,85,36,38,63,52,99,22,19,64,91,62,-7,10,43,1,58,13,78,86,32,19,54,44,80,-5,26,39,26,8,52,86,13,73,-3,44,100,31,19,-9,93,27,11,55,38,15,80,17,28,65,-5,90,49,66,-8,1,75,69,15,72,74,14,61,1,90,11,-10,50,17,73,7,53,0,91,78,24,90,35,36,7,35,18,27,90,96,99,87,25,59,1,88,27,95,-4,2,80,18,85,8,38,82,35,45,36,93,7,78,87,82,84,5,54,38,48,13,41,48,93,87,56,-8,37,70,56,79,49,44,39,60,46,82,69,83,96,30,95,83,79,2,69,-5,-1,67,35,68,42,45,36,84,82,57,4,15,28,72,12,18,19,1,28,80,97,72,5,4,13,91,76,97,24,69,91
105571,Mahomet Cemetery,30.81555939,-97.93332672,Texas,Bertram,United States,76,63,7,93,20,52,87,46,78,9,99,21,10,88,40,73,28,39,71,22,81,-2,21,77,99,68,58,20,70,55,-8,39,65,88,36,98,36,76,49,91,45,1,97,92,55,46,29,73,1,55,66,31,10,-3,28,64,26,8,31,59,92,29,89,12,46,95,26,15,58,6,-10,9,52,77,83,88,60,76,49,20,46,35,-1,30,84,78,16,93,8,-4,90,56,73,-1,65,-10,14,83,5,49,-2,90,-8,10,23,0,-10,-4,58,12,14,0,87,51,43,2,34,34,0,33,91,98,11,78,84,69,24,91,55,78,45,57,86,34,51,49,58,69,83,55,7,63,60,100,1,19,18,91,-2,83,4,95,9,1,75,51,55,28,19,43,85,61,17,-4,99,11,100,96,66,96,86,89,81,11,26,50,70,3,21,45,81,5,64,64,27,27,74,74,82,66,26,33,41,71,15,63,78,53,28,17,100,62,-3,33,79,74,43,-6,50,-4,40,-2,33,24,20,-8,56,27,14,11,39,12,-9,95,3,-5,4,-2,70,49,60,68,58,96,9,56,87,79,52,100,30,12,12,79,9,60,87,70,63,99,-2,63,73,99,22,95,3,87,3,54,75,47,100,16,-6,74,86,30,16,11,93,57,46,18,18,55,57,92,55,95,64,-5,64,72,84,9,0,77,44,82,40,14,75,76,84,60,-5,13,6,-10,40,69,4,41,14,28,93,11,58,18,34,82,57,66,32,30,80,33,73,9,68,45,38,62,25,45,71,33,53,14,27,68,57,24,26,55,31,10,62,49,39,62,-6,10,43,41,57,75,27,69,39,9,0,26,8,18,83,-2,42,83,70,97,-2,48,88
107577,Woodruff Cemetery,41.5541687,-111.1763916,Utah,Randolph,United States,3,25,74,68,63,41,65,-9,47,23,78,8,72,87,68,88,34,10,72,43,-8,21,26,30,83,-7,89,2,74,90,41,79,68,-7,91,83,60,53,19,-3,3,-10,18,84,27,18,35,-6,57,78,37,10,4,83,81,13,17,-9,21,70,100,96,32,53,17,2,72,-7,-7,-10,78,44,43,-10,66,17,92,55,15,31,89,14,61,48,22,66,71,14,4,73,94,-9,52,100,41,45,-7,-1,46,66,18,84,5,91,93,25,66,4,61,93,47,33,56,97,31,26,78,14,100,3,48,97,64,95,2,-4,92,83,14,95,5,73,55,69,62,49,99,89,23,69,-5,30,13,58,-8,62,-5,-4,16,10,99,14,58,10,58,55,31,77,94,10,30,94,54,12,22,-1,90,64,-2,94,12,99,53,70,-2,58,37,99,91,14,49,11,29,9,26,25,9,61,1,46,78,11,77,96,71,67,38,28,67,50,13,40,75,-9,15,51,-3,37,35,94,98,3,27,89,10,-10,69,89,19,77,47,100,25,73,61,6,89,100,45,74,37,97,79,91,4,33,82,13,17,13,9,21,78,-4,70,81,82,33,53,75,66,42,91,81,24,86,14,88,28,48,27,-1,51,87,64,8,37,63,4,80,35,0,90,98,42,42,70,30,53,95,57,42,-7,83,67,94,-5,44,64,54,71,17,33,48,19,14,70,50,-3,-7,81,100,9,88,98,63,94,52,21,71,19,79,46,83,4,66,-10,23,63,45,-4,94,16,45,36,16,93,69,63,27,42,66,44,56,34,-3,23,66,37,69,13,66,20,26,-9,-1,47,93,81,29,55,42,12,92,99,65,8,-10,9,50,23,90,79,64,40
107637,Midway City Cemetery,40.50278091,-111.4861069,Utah,Midway,United States,12,100,79,93,87,23,25,-10,6,11,67,17,20,40,77,94,73,13,19,87,48,-9,17,23,19,14,99,65,23,32,82,37,23,-8,45,54,13,73,24,69,-8,100,66,34,58,23,71,25,-9,50,69,51,27,61,-1,71,59,9,75,43,70,31,4,95,68,85,47,20,74,-7,86,79,91,99,12,99,50,-5,83,54,26,55,95,25,39,26,74,64,59,21,58,54,14,61,55,28,92,84,75,68,96,54,16,19,95,61,61,89,38,96,3,69,30,25,43,29,-10,0,84,36,13,60,76,89,52,87,50,-9,73,78,34,61,6,32,48,50,48,48,97,42,69,83,62,32,63,79,53,67,91,6,60,10,79,23,97,-2,84,77,7,5,93,1,2,-5,23,40,87,0,37,56,30,19,37,52,97,31,27,76,27,34,-1,36,37,86,93,71,91,18,8,7,65,97,52,61,8,30,48,-7,-6,47,20,36,26,98,44,75,81,12,30,59,94,78,34,45,41,83,10,68,68,59,19,-8,14,90,25,64,55,96,91,4,84,54,6,47,17,20,81,39,37,63,14,50,-4,54,72,3,-7,71,94,2,31,52,55,3,-6,58,24,-5,29,46,23,61,62,17,24,20,32,3,44,62,100,82,68,50,-1,58,6,98,-5,19,30,12,22,4,69,22,11,99,100,70,37,74,69,48,8,62,20,65,66,45,91,53,80,87,86,2,97,3,34,83,57,74,82,65,71,-2,8,5,26,23,15,85,-7,-7,97,26,53,-10,17,39,3,11,84,43,97,88,48,96,36,65,63,-1,12,-7,75,12,75,35,96,24,1,45,80,57,28,-7,83,-1,85,64,22,-7,1,96,40
107640,Moroni City Cemetery,39.54111099,-111.5924988,Utah,Mt Pleasant,United States,86,71,11,65,97,34,21,45,-3,19,23,65,88,53,60,39,-10,100,44,60,11,79,73,74,49,93,27,55,87,44,59,8,83,61,-10,44,89,16,55,70,42,-5,1,25,77,43,9,43,-8,-6,8,-2,13,83,-6,15,83,79,65,45,42,79,94,27,23,65,100,70,5,-4,51,36,96,59,29,57,68,-2,97,47,59,38,84,30,58,-7,19,12,24,14,20,48,-6,97,25,1,52,92,21,86,67,38,-10,95,29,66,67,0,20,49,51,6,44,47,58,6,15,10,10,96,89,100,7,8,9,96,75,29,4,41,-1,65,17,58,23,76,54,10,3,61,72,32,45,72,14,52,10,10,15,81,54,44,35,71,93,59,83,70,21,69,61,60,83,70,47,56,13,70,64,12,95,-4,48,21,34,40,5,30,59,49,99,7,100,37,57,17,27,95,46,35,22,73,42,49,61,31,24,-7,-6,29,68,58,68,-5,76,51,96,32,82,0,90,48,6,11,64,66,9,49,73,62,86,50,72,39,28,-3,31,51,46,11,75,64,76,92,70,49,91,43,49,67,70,-9,4,76,7,29,43,66,14,39,24,3,-4,14,52,86,55,90,50,77,82,73,36,75,87,-4,35,5,67,56,81,47,5,38,59,55,57,1,74,61,5,-3,22,42,15,-7,98,12,93,74,49,5,46,90,70,100,22,45,28,73,48,66,22,58,7,40,63,80,22,21,69,50,90,-8,30,-3,5,81,59,46,-1,89,-1,66,72,94,85,17,29,14,62,37,91,81,52,39,12,55,58,82,81,60,42,19,99,19,54,78,20,46,36,6,99,12,39,12,15,8,74,73,17,86,91,15,83
107641,Mount Carmel Cemetery,37.24750137,-112.667778,Utah,Orderville,United States,64,74,-6,63,91,22,29,94,43,51,24,25,48,6,7,22,44,-8,41,4,15,45,8,80,3,63,69,52,-6,29,48,9,98,83,84,67,5,24,50,67,80,38,8,88,58,42,37,81,7,24,-9,-8,29,76,-10,34,98,73,36,-4,74,60,58,73,14,-6,63,25,33,55,50,80,55,41,47,-8,93,93,70,83,8,49,5,58,1,98,-1,19,4,68,28,46,38,8,75,18,85,47,78,40,7,93,44,19,-5,64,35,45,78,9,53,39,55,100,22,66,13,64,15,-8,66,24,25,62,-5,17,34,47,90,59,16,79,4,33,38,78,73,44,87,36,32,91,98,96,70,72,21,32,49,17,19,88,68,32,100,33,37,-6,21,60,90,79,78,78,69,22,58,69,29,43,81,49,35,2,12,57,79,85,44,70,31,31,77,29,88,13,87,83,93,71,-8,85,37,73,52,57,27,90,80,1,87,68,64,64,77,9,5,24,79,22,92,85,53,20,55,3,70,11,69,69,95,21,8,79,8,53,40,60,81,-5,10,51,7,100,74,62,-3,79,79,9,12,36,30,67,80,48,-7,66,31,27,15,-10,12,-5,48,59,72,27,96,-3,100,55,8,32,10,59,46,75,13,8,33,96,27,67,45,60,91,56,-2,73,26,73,57,46,8,89,-7,-10,-8,90,-1,61,83,76,34,68,-10,0,44,30,56,44,73,37,72,87,93,59,-6,72,97,11,54,11,18,65,69,54,-8,94,9,-8,15,15,12,29,36,76,33,69,-8,79,97,66,12,-6,56,37,43,6,25,52,46,20,52,26,22,92,85,100,87,-8,20,21,21,50,-5,87,14,74,96,79,57,47,68
107661,Sandy City Cemetery,40.58666992,-111.8722229,Utah,Sandy,United States,2,47,17,40,15,99,75,14,90,-4,11,81,28,16,32,82,77,-2,57,64,83,94,75,49,66,40,10,37,3,89,40,93,57,1,9,86,27,44,4,-8,90,95,32,39,18,27,70,69,73,4,88,61,78,8,31,51,34,9,29,32,-4,17,84,6,-4,29,-2,14,46,26,41,70,94,33,69,41,-1,-8,14,69,53,65,18,16,11,-5,96,75,2,95,82,2,60,98,43,66,49,4,56,1,43,12,49,48,35,23,28,60,96,68,39,59,93,89,1,82,88,55,37,92,84,60,51,31,3,65,28,100,62,96,-4,1,13,48,12,0,52,-9,87,26,-3,91,3,16,23,0,56,-6,80,72,70,24,85,32,25,90,25,73,-4,34,24,30,50,62,3,66,92,38,34,95,37,91,51,-1,29,3,74,93,-8,64,46,75,45,-3,28,30,50,85,44,-6,87,61,64,98,99,-7,32,100,74,8,-5,49,82,66,69,48,2,79,46,10,67,62,89,2,66,11,12,17,25,49,100,12,39,0,50,97,87,77,65,-7,23,53,52,93,79,49,40,51,-3,69,-8,87,68,86,0,37,48,13,7,-3,97,72,60,38,-8,72,-2,38,28,-7,69,15,4,21,62,1,-6,59,49,93,-8,82,47,-6,86,-9,5,96,48,32,48,51,86,66,54,86,0,4,15,21,66,-6,83,47,29,26,64,81,81,85,65,53,78,53,85,53,56,77,100,37,74,10,22,8,22,75,63,33,81,65,35,-4,39,38,9,29,12,14,99,-4,51,77,23,76,-7,5,12,43,44,61,46,33,-4,58,55,69,12,89,39,43,93,79,30,37,56,-8,-6,-7,28,12,32,-5,57,6,43
107676,Tooele City Cemetery,40.52249908,-112.2941666,Utah,Tooele,United States,23,45,19,-1,96,41,-10,-7,47,52,73,75,45,55,76,20,69,47,62,0,36,71,-10,98,80,19,25,69,-4,9,81,70,79,76,67,62,-5,85,10,47,83,96,36,77,36,80,15,3,35,9,87,14,53,-3,3,58,-8,48,55,26,27,61,99,86,26,56,25,40,89,86,71,26,41,49,64,93,39,31,47,45,86,57,73,53,13,47,83,91,85,35,6,86,48,15,77,76,44,27,10,71,-5,-10,74,48,81,68,36,-3,98,65,10,65,89,37,79,68,47,78,41,-3,41,99,91,96,65,70,59,92,-10,58,-10,52,38,72,-6,56,29,2,89,75,39,11,43,43,69,84,19,-5,54,43,74,-9,17,52,85,100,16,75,56,-8,22,33,59,44,64,69,33,2,23,-5,65,26,5,95,41,36,71,57,3,76,13,34,6,20,69,70,77,11,38,32,67,89,-1,32,31,1,97,78,63,72,97,92,14,66,48,89,62,50,28,51,93,87,65,-1,56,67,96,60,27,21,4,40,89,36,3,10,18,10,61,8,87,29,83,99,60,72,14,-3,17,13,50,61,60,91,6,-10,3,4,33,18,69,38,54,47,88,15,33,69,44,60,69,33,72,12,57,8,60,38,41,52,59,62,11,78,60,38,15,26,80,69,23,56,80,42,90,3,92,-1,84,85,16,67,97,90,40,5,-1,41,25,54,17,76,67,21,32,39,27,16,11,73,69,61,50,61,66,-7,24,57,91,95,50,27,-4,27,68,5,25,89,4,99,72,-1,46,45,49,52,68,65,99,98,6,54,23,3,18,42,61,87,96,8,12,53,77,26,-5,50,59,20,78,86,55,32,41,100,26
107697,Glendale City Cemetery,37.31861115,-112.5908279,Utah,Glendale,United States,5,36,57,95,18,48,1,40,11,27,69,2,95,65,1,100,97,70,-2,40,80,36,35,28,17,65,51,40,53,24,99,-3,6,9,66,35,51,24,83,97,65,50,67,7,36,73,56,25,97,-6,53,-9,92,22,92,93,44,11,8,37,34,90,71,21,91,-8,58,46,63,68,47,4,-3,22,44,88,38,-1,64,98,80,64,56,52,79,33,25,59,84,51,40,2,36,63,20,8,79,74,22,71,89,56,89,-8,17,-9,98,71,15,0,32,87,86,-2,79,24,12,35,-9,7,31,83,5,63,-8,61,52,27,17,92,60,78,100,14,52,81,65,18,84,50,70,28,29,-7,21,79,70,69,21,72,83,47,55,56,57,58,82,49,42,99,56,50,-4,-6,19,27,75,74,71,21,73,76,-10,91,57,82,91,81,-3,25,28,12,25,77,25,1,-3,81,45,76,30,68,58,14,-9,47,7,17,26,98,65,22,38,85,55,73,44,10,84,27,94,71,6,32,84,25,57,15,3,4,66,9,86,19,11,81,40,-10,6,51,78,66,79,89,45,-6,33,86,75,-3,79,30,33,52,4,69,89,54,67,69,95,43,48,30,80,81,20,9,48,82,4,57,92,83,63,69,10,38,37,80,19,42,5,-5,56,9,78,96,18,18,82,24,-5,6,36,83,55,89,2,65,59,64,78,44,60,7,5,5,3,-5,53,65,3,2,27,49,42,9,58,84,4,-6,24,70,65,9,91,82,19,96,26,82,84,41,16,-7,94,66,46,81,0,42,8,80,15,48,12,-1,91,27,45,-6,8,25,63,70,89,28,15,96,28,15,51,86,72,68,30,41,75,65,88,80,93,42,74
107729,Elysian Burial Gardens,40.67139053,-111.8580627,Utah,Millcreek,United States,44,83,31,95,-5,62,27,64,82,4,46,16,5,92,32,72,77,-2,100,64,66,77,64,48,31,25,64,29,24,68,81,34,-9,1,19,81,48,100,43,-3,15,46,23,57,14,34,2,2,95,38,57,-8,19,13,-1,97,40,19,49,83,17,81,82,35,11,36,98,82,91,31,78,80,20,94,45,-2,61,98,88,43,2,36,71,75,18,-4,1,6,63,50,63,32,34,77,59,30,57,78,18,31,1,41,98,82,35,-2,57,68,85,21,53,45,39,92,42,56,47,20,95,68,-8,2,39,57,95,70,4,30,95,22,-5,7,59,99,16,91,90,2,11,-8,-10,39,0,-8,49,78,92,5,41,25,93,54,4,89,61,77,-2,54,45,0,90,87,56,15,81,1,4,4,96,75,-10,-5,52,23,47,66,22,6,78,91,2,79,45,22,45,58,15,1,4,42,52,93,67,71,63,15,64,88,46,-6,54,25,68,31,96,37,14,-7,98,87,28,48,76,20,35,62,64,59,72,45,32,38,65,1,-7,54,16,65,74,13,10,50,48,65,88,53,43,43,99,53,1,71,99,49,13,77,36,97,97,-6,4,44,37,44,0,68,7,62,-10,30,14,97,79,70,27,2,100,17,58,95,29,97,85,68,12,82,88,85,66,67,-8,89,18,12,13,-5,10,94,21,25,89,96,80,8,25,71,33,96,61,21,12,7,54,1,57,85,46,-8,43,48,59,16,54,90,85,52,3,75,11,70,29,63,9,30,92,10,18,67,33,2,78,62,33,26,38,9,22,72,8,30,38,45,46,59,71,84,68,64,-10,-1,100,33,1,-3,9,74,94,54,11,-7,84,84,47,22,77
107746,Logan Cemetery,41.7491684,-111.8061066,Utah,Logan,United States,9,26,82,71,30,89,74,-7,71,-2,13,95,71,10,26,14,68,0,23,35,64,99,70,72,23,77,16,77,99,12,65,-9,53,74,54,90,28,29,65,99,70,96,69,22,-4,-9,82,10,38,0,6,76,12,6,47,76,96,38,67,-10,18,10,-5,53,66,56,17,99,1,-7,94,66,69,100,20,50,28,-7,18,98,43,34,18,62,17,42,95,-5,1,69,37,85,-9,54,6,-8,72,59,-7,83,94,81,96,84,23,1,-8,-3,31,42,-4,19,61,62,80,95,3,-5,13,35,56,34,99,50,16,75,90,30,-2,28,100,67,37,44,28,84,54,26,75,28,46,3,-5,75,29,52,11,22,60,87,96,70,8,39,81,59,-3,67,-8,21,85,21,82,7,-1,53,98,17,41,84,47,25,39,100,76,-10,74,71,56,8,67,74,100,65,32,5,-6,31,57,37,52,89,70,53,43,78,96,12,34,32,78,90,69,24,93,50,-10,54,82,98,98,9,93,36,16,59,34,48,32,40,77,67,37,-3,10,39,24,25,51,100,94,61,16,-10,74,60,95,-10,89,82,8,55,24,65,28,54,93,100,44,54,9,40,43,64,79,86,73,87,45,82,54,-1,-1,99,65,36,16,25,31,36,56,90,7,37,81,85,7,1,75,42,39,85,41,62,96,85,77,42,-5,77,83,62,37,73,34,99,25,76,6,46,15,2,72,11,-10,4,-4,67,42,32,31,24,30,49,57,5,98,64,65,37,17,16,13,18,45,72,67,32,92,67,95,2,69,41,55,73,52,56,39,100,17,59,88,-7,73,29,26,61,47,49,96,8,79,65,73,55,89,0,69,72,4,52,25,-9,62
107757,Orem Cemetery,40.32249832,-111.6730576,Utah,Orem,United States,66,82,25,73,-9,88,8,52,32,29,99,76,-7,40,6,97,69,85,15,76,69,76,4,84,90,51,37,-1,95,41,0,96,87,53,7,68,56,39,16,55,93,-1,20,80,33,21,88,25,83,55,50,27,71,54,38,52,23,63,31,29,95,98,8,87,44,-1,97,49,69,4,23,53,27,92,-5,9,5,88,-5,39,-8,57,90,95,82,62,52,9,69,78,83,4,57,53,69,-3,83,-6,63,52,50,22,98,42,96,17,90,42,-3,98,48,84,0,55,66,-1,97,-3,81,50,4,19,88,13,43,98,47,61,57,93,93,49,85,74,84,39,60,89,5,66,81,27,41,27,37,-2,76,61,56,60,15,66,7,58,-3,7,78,-3,92,22,29,87,-1,77,91,6,0,95,14,43,91,98,7,81,48,47,-10,24,45,46,74,28,33,70,87,9,88,-9,91,17,40,95,49,0,80,70,93,89,43,81,62,34,78,47,49,61,42,77,54,61,-7,71,35,43,38,60,32,74,85,98,49,51,78,-6,13,83,-6,67,65,60,85,64,65,78,46,56,18,-10,-10,11,4,49,30,1,90,93,23,86,46,-2,45,15,95,77,87,94,6,12,34,6,0,37,13,92,58,98,19,46,-5,69,43,-2,31,-6,45,61,18,71,83,27,53,21,59,91,15,21,88,3,64,78,19,97,86,20,55,89,-2,17,15,89,58,50,71,84,7,4,26,-7,38,10,42,90,34,63,45,35,18,42,25,36,96,79,19,73,76,59,14,18,18,26,59,25,4,27,7,92,44,27,84,57,75,47,-2,95,11,82,9,-4,79,35,91,31,24,83,76,60,88,11,33,3,57,51,16,52,12
107759,Peoa Cemetery,40.73110962,-111.3450012,Utah,Peoa,United States,48,19,19,20,23,49,3,0,74,18,32,37,58,92,86,84,63,23,36,8,0,53,-8,29,97,31,60,22,-7,65,89,9,85,45,33,97,93,93,12,61,20,1,65,86,47,12,41,-10,44,58,31,42,-5,58,71,32,17,93,24,73,-2,28,18,51,98,97,9,78,38,59,21,15,5,79,60,17,88,92,73,6,10,66,73,-6,-2,60,69,-2,24,4,12,29,60,53,17,9,80,-7,17,1,39,0,20,7,25,100,24,97,24,27,3,6,33,-4,9,11,53,5,-7,91,91,40,-6,40,45,79,91,80,82,17,91,97,45,-6,85,5,20,44,-6,0,63,3,46,8,47,99,-2,13,82,1,25,87,29,-6,-4,-5,1,87,42,36,47,50,-5,45,56,73,51,52,45,83,91,7,30,62,-1,42,84,22,62,11,42,91,-3,88,28,24,49,-2,25,61,60,-1,88,9,54,42,-8,77,24,51,-5,65,39,13,40,58,40,99,24,79,79,67,22,91,28,35,78,57,16,66,63,22,62,85,94,79,49,15,41,0,1,16,50,16,3,33,29,59,-8,40,94,27,46,49,78,91,0,-8,100,7,76,88,13,63,14,21,69,21,95,30,48,75,88,7,40,75,49,94,53,20,3,-10,81,85,-7,19,25,42,49,94,98,88,46,90,19,-1,74,97,30,91,16,64,80,94,66,30,91,31,48,4,31,36,75,64,98,84,67,29,1,53,33,-5,51,66,-3,55,37,1,56,19,97,34,35,13,77,28,0,75,93,100,53,30,8,-4,82,35,15,58,21,7,25,68,13,5,93,20,94,10,26,59,39,34,95,90,93,31,23,6,9,28,73,51,17,47,78
107762,Pioneer Cemetery,39.38943863,-111.5827789,Utah,Ephraim,United States,5,64,27,59,34,84,77,46,8,69,0,40,42,30,72,54,-7,93,60,66,43,65,69,57,48,9,84,48,86,12,63,96,6,-1,72,9,53,66,8,12,76,15,86,16,80,-5,-7,78,54,9,-6,72,31,97,10,38,69,94,6,13,8,-6,29,69,89,58,10,1,76,79,15,9,70,66,20,32,63,22,100,67,-3,87,80,61,76,46,7,40,36,20,93,24,53,85,60,44,12,95,50,94,35,57,88,-7,84,-5,59,16,8,83,94,75,-8,25,39,25,96,19,67,88,84,49,62,4,71,38,82,83,60,22,34,39,18,22,33,53,21,16,61,90,98,49,80,91,94,-1,11,7,72,71,93,2,71,75,96,32,-1,53,89,80,9,55,-7,96,23,82,3,8,30,81,99,90,37,98,97,24,57,61,31,36,1,98,92,11,73,-3,78,0,54,61,16,65,22,65,82,84,6,94,18,48,60,69,66,75,8,56,64,-9,40,9,55,17,44,20,20,87,88,85,0,9,-2,10,40,31,16,-10,58,94,-10,96,25,73,76,59,28,54,69,-1,93,37,96,88,99,25,47,65,53,92,94,70,77,81,54,56,10,10,9,85,87,3,63,49,18,76,24,39,65,28,66,17,54,13,-7,3,100,87,100,40,3,9,65,-4,78,35,-8,90,92,91,8,24,29,6,85,-1,56,14,43,-5,51,39,99,61,34,-3,95,75,71,47,31,63,73,-7,59,88,76,12,13,88,86,74,41,9,28,18,29,-10,92,43,25,5,33,-2,88,7,36,56,14,84,39,88,81,76,-9,88,-3,79,38,73,83,74,55,-10,44,67,72,14,55,62,39,97,55,97,66,-6,21
107776,Wasatch Lawn Memorial Park,40.69778061,-111.8416672,Utah,East Millcreek,United States,69,86,18,46,79,22,84,3,-4,59,100,89,90,96,-4,91,64,84,3,51,74,11,4,-6,92,26,3,68,4,-5,52,34,51,59,53,86,32,69,64,39,33,45,27,91,82,62,66,59,67,86,28,0,13,12,-8,78,97,11,37,77,70,57,76,97,48,92,1,54,63,63,13,-4,99,95,55,1,91,57,25,74,64,59,22,71,35,42,31,76,-2,-5,38,84,95,19,14,14,32,36,92,48,7,-4,90,71,85,75,14,55,73,16,90,32,71,85,65,-6,18,85,98,71,42,28,94,-1,-5,86,33,16,81,55,69,53,92,23,70,17,30,-5,57,21,-8,82,-4,44,44,66,13,73,28,-5,83,68,65,-8,2,-9,29,-4,94,-9,14,59,55,71,79,22,69,41,79,21,6,57,13,76,75,13,53,53,37,77,80,48,37,41,63,27,65,88,22,44,52,60,13,60,56,20,26,99,10,55,3,8,46,-8,62,2,58,80,93,72,26,64,36,34,9,52,73,51,100,83,2,94,97,46,79,79,41,-5,80,91,57,83,61,26,70,4,37,49,37,80,36,64,69,70,44,57,72,59,42,38,91,31,72,-8,83,93,15,25,6,-7,-10,2,1,3,-7,10,17,58,42,95,3,40,56,57,8,48,-1,43,-4,-5,3,7,43,14,2,42,65,8,43,76,27,57,53,32,67,17,5,19,51,75,63,38,46,34,25,8,73,6,46,98,-9,89,47,97,76,100,35,42,6,15,67,59,49,25,91,29,92,78,20,89,-2,0,12,21,-2,19,99,57,58,75,94,68,21,57,3,34,16,34,12,94,93,63,71,63,2,5,37,25,90,45,17,56,36,79,55
107788,Bountiful Memorial Park,40.86777878,-111.8861084,Utah,Bountiful,United States,30,100,69,97,51,4,35,37,51,22,76,60,74,79,63,91,-6,-1,17,51,32,15,18,67,72,32,98,36,94,55,1,13,29,40,-8,89,16,88,40,80,87,33,56,30,14,5,23,-6,36,51,24,69,30,67,20,9,72,32,83,100,58,32,31,19,60,24,10,66,61,12,99,44,54,65,57,7,99,-2,27,99,-7,97,47,76,-4,85,91,74,51,27,69,10,25,52,10,76,53,-8,7,95,22,0,-4,16,40,31,21,42,4,54,49,57,20,48,29,62,4,45,85,59,77,-7,45,37,21,17,22,3,21,81,88,61,84,46,14,58,12,21,92,78,81,85,-4,-7,100,51,45,52,0,17,27,33,69,26,67,3,-4,65,29,-9,26,24,31,3,22,91,89,51,32,4,18,97,1,50,56,38,93,70,80,75,48,9,65,2,-10,95,57,99,81,92,57,-9,-2,36,25,30,60,33,79,45,50,59,62,28,3,93,-2,76,-8,75,49,87,83,-9,53,4,82,53,25,80,6,38,38,10,40,35,32,86,19,12,43,80,46,71,23,60,60,98,72,64,59,96,80,88,64,100,64,31,2,11,53,89,58,48,17,9,14,44,66,14,28,88,21,-9,3,21,89,59,98,31,41,48,29,-2,35,21,82,53,7,61,54,92,5,86,38,47,36,16,22,36,86,31,78,50,76,59,43,67,74,84,33,52,33,18,68,22,33,37,24,52,8,66,65,86,70,58,24,85,15,77,67,13,54,49,70,100,46,26,90,74,97,3,21,1,59,96,26,68,-10,38,83,7,61,38,74,-7,20,89,87,72,75,0,17,56,33,-10,3,23,43,90,54,61,26,42,-6
107789,Brigham City Cemetery,41.50278091,-112.007782,Utah,Brigham City,United States,93,4,94,3,55,35,-7,60,81,96,-1,64,91,83,23,76,11,15,14,11,34,42,43,71,20,13,91,5,16,79,86,30,97,-5,-4,72,83,17,81,-5,49,50,21,12,8,64,73,27,80,10,37,24,75,13,19,56,75,75,21,93,43,87,31,8,10,9,18,44,81,67,87,82,96,54,31,48,-9,-4,95,18,-5,34,78,-4,87,42,68,53,32,15,43,85,-9,33,5,80,100,59,6,75,-9,47,73,25,49,83,28,-6,10,70,14,-4,65,56,69,5,40,45,-5,2,22,-9,54,37,10,18,1,84,60,36,28,45,-5,89,-5,37,51,-7,43,-9,39,95,96,57,72,33,74,14,-7,48,59,72,2,10,79,2,-4,84,-7,97,75,-6,18,33,-2,45,58,90,55,50,36,13,47,79,70,97,18,59,73,59,-4,41,42,69,10,1,73,30,52,20,65,71,87,48,35,62,85,1,-1,47,94,41,79,98,48,96,45,65,59,30,93,38,15,-4,37,52,97,20,71,94,70,-10,21,-7,38,12,34,84,32,75,8,67,37,43,22,4,84,16,62,79,41,95,81,92,94,44,59,79,86,83,62,45,85,16,-3,63,66,100,98,-1,17,54,6,26,90,88,95,2,7,1,86,36,27,22,6,7,48,16,72,43,-3,17,47,15,74,49,56,30,-3,75,7,95,98,83,36,94,11,13,56,35,85,62,61,58,29,95,13,3,65,59,25,-8,25,70,31,23,65,89,8,36,89,80,-5,91,52,24,-10,27,81,99,36,-4,-2,37,29,54,72,12,6,31,17,32,68,48,48,4,38,32,52,19,15,70,82,12,18,40,-10,-5,62,37,-7,96,72,32,-1
107805,Hyrum City Cemetery,41.63499832,-111.8391724,Utah,Hyrum,United States,98,-3,89,83,29,66,63,16,27,84,-4,74,9,32,53,85,28,40,23,99,51,48,-8,26,12,92,42,85,37,44,87,39,12,51,96,18,30,78,27,82,-6,81,98,26,27,11,58,94,21,9,47,64,-4,77,76,67,48,27,40,95,78,63,96,92,8,6,77,79,10,4,-4,10,63,46,66,69,25,-10,98,100,93,-8,77,-4,56,64,-8,30,23,27,80,86,86,11,2,11,43,87,67,98,6,74,36,57,36,39,90,51,74,76,68,74,55,78,94,1,41,40,-4,71,79,33,24,30,37,28,15,-4,-3,91,76,18,19,60,29,52,52,34,70,52,18,46,17,34,62,-9,96,97,64,75,52,1,48,100,80,62,3,26,18,84,-3,96,-3,38,97,10,92,-2,53,15,2,46,76,97,35,51,87,48,13,34,40,60,77,-1,63,60,71,9,20,34,40,68,100,45,61,71,64,100,92,-4,87,100,3,59,73,96,26,33,14,83,85,68,9,57,-5,42,36,50,54,32,97,79,23,88,48,72,41,4,88,64,18,40,70,96,27,2,-10,64,25,-9,35,49,33,3,40,43,0,90,11,88,68,34,6,71,76,17,51,61,71,-5,31,17,18,35,53,95,36,31,44,-8,80,2,79,4,41,97,30,11,99,30,49,84,31,96,-3,-8,56,28,51,51,85,29,59,-1,15,26,77,98,0,4,-10,19,96,92,42,17,17,73,58,41,56,55,-6,77,18,14,64,93,91,53,52,94,97,-8,-7,26,-9,43,-4,-10,-8,90,23,71,59,90,53,58,0,56,-8,27,-5,1,98,56,42,89,-7,14,-5,14,13,-1,74,92,58,35,76,75,87,19,92,13,49
107814,Lewiston City Cemetery,41.97694016,-111.8302765,Utah,Lewiston,United States,5,16,38,71,12,12,95,29,27,-1,97,7,90,7,38,61,18,-4,56,72,21,36,11,73,18,-9,85,10,-3,86,66,73,29,37,28,30,78,65,94,73,92,7,-2,87,94,90,9,0,18,97,37,59,4,90,33,30,5,15,29,9,77,44,79,79,59,62,39,87,100,70,24,26,52,96,74,-6,38,97,61,41,35,70,65,2,24,23,91,3,87,45,88,46,92,70,74,100,4,73,83,-7,3,82,19,22,21,24,77,-5,52,83,34,97,25,1,27,9,19,31,47,33,88,96,15,97,87,70,5,39,30,82,47,70,7,99,99,81,27,69,-5,56,59,15,15,68,14,75,30,39,30,53,99,58,8,6,94,58,61,39,37,51,12,17,35,99,23,72,27,100,77,97,51,-8,44,39,84,-1,31,44,71,-8,34,49,94,95,41,21,34,58,72,32,72,98,52,17,-10,71,3,64,24,94,52,96,59,49,13,58,90,0,-5,-1,78,12,43,-1,55,6,91,95,6,95,19,61,17,-4,50,72,-4,30,11,51,0,55,93,26,76,-4,92,94,56,54,61,88,52,44,35,-9,84,-1,27,61,42,20,83,9,67,68,52,69,-6,-5,-9,43,65,9,30,15,15,4,28,3,45,60,22,-8,69,-6,94,-5,59,73,-1,52,-4,87,84,3,86,92,93,-1,58,58,84,12,44,7,-6,41,10,21,57,59,37,40,16,81,87,16,40,25,40,41,89,19,50,31,-7,-5,4,7,80,62,32,82,14,8,37,53,82,11,53,29,11,-8,41,58,20,2,4,98,7,31,14,42,86,77,88,34,63,26,70,70,30,68,68,96,58,61,31,35,96,96,59,93,72
107819,Millville City Cemetery,41.68305969,-111.8144379,Utah,Millville,United States,46,96,100,60,75,9,57,67,26,82,66,73,63,79,86,31,25,18,-7,61,66,14,30,45,-9,60,30,96,9,19,34,-10,-6,-2,6,38,99,33,22,31,49,90,3,90,27,10,75,38,72,20,-8,10,20,10,37,99,82,64,69,87,86,87,70,75,-5,12,90,77,29,-8,49,6,10,4,55,99,39,18,-8,49,15,92,16,37,70,47,68,36,75,42,35,-4,2,-2,2,69,66,25,39,43,77,86,85,56,3,49,9,38,43,6,3,78,15,61,10,74,10,49,66,9,47,23,38,-10,75,100,52,18,26,89,-10,11,67,72,43,-1,54,1,-9,43,30,-4,84,51,54,55,18,-2,65,5,88,70,51,95,14,90,34,77,-10,21,0,84,62,-2,-8,62,64,87,32,12,19,86,25,65,26,30,83,13,75,90,26,-3,-10,-1,43,87,0,-7,-1,63,-1,-7,0,0,27,36,9,18,8,92,26,7,87,14,10,85,25,37,-5,44,16,2,92,0,50,79,29,36,33,75,16,77,-6,-7,3,70,35,-8,70,56,78,15,52,50,44,51,34,79,83,62,49,96,80,10,19,56,27,11,43,62,12,67,62,34,30,85,76,8,-7,36,82,31,80,23,2,8,90,71,66,3,80,21,55,1,77,82,15,93,99,-7,16,3,13,63,-6,65,85,-7,5,5,47,15,20,-8,20,71,74,75,12,89,93,18,1,99,-9,94,3,55,94,48,76,49,54,89,-6,-2,-9,91,44,27,66,7,4,72,19,71,98,-4,51,64,95,54,14,27,40,12,48,34,79,71,40,66,6,37,80,31,83,60,74,22,-8,44,72,35,6,77,79,43,13,25,4,20,59,22,37
107821,Monroe City Cemetery,38.6427803,-112.1113892,Utah,Monroe,United States,35,19,36,83,-9,88,30,61,9,44,44,89,69,11,70,54,68,19,52,73,49,74,-9,53,15,-5,24,74,56,39,89,-10,99,91,9,8,5,98,37,95,-1,34,57,4,89,49,91,30,27,3,61,98,47,47,23,-5,93,72,86,20,33,17,70,92,92,52,60,27,-5,61,9,4,83,89,99,53,2,32,23,33,-1,47,26,37,48,-10,47,50,37,39,36,66,49,22,70,98,32,90,66,43,79,32,19,42,34,10,0,25,7,65,59,63,17,66,68,29,-8,52,66,5,75,55,41,25,10,23,19,3,28,9,-10,6,15,71,66,31,-6,10,68,-8,-10,22,38,-10,53,8,54,-5,6,84,90,33,4,0,90,16,33,70,54,86,61,65,-8,42,86,22,92,-2,27,100,-2,34,88,65,68,-4,50,98,9,24,65,0,86,54,-6,68,45,53,-3,82,22,53,6,13,81,100,42,-5,12,4,60,3,4,69,87,-9,81,93,8,12,62,76,32,70,59,60,35,9,55,74,57,60,42,21,71,68,11,80,53,22,71,9,1,79,99,73,13,67,8,45,-1,14,44,41,46,81,5,36,30,43,35,55,62,50,14,92,87,93,34,2,41,-2,29,59,20,39,-9,18,85,52,85,84,99,70,89,77,-8,3,-4,5,83,7,36,67,1,78,-1,19,89,19,59,90,19,35,57,80,79,45,62,94,39,70,92,8,29,90,54,96,41,46,22,79,39,50,57,87,30,64,21,11,69,80,61,31,49,35,35,31,6,27,15,80,59,-6,23,44,86,37,96,39,91,84,92,40,87,72,43,32,22,61,23,99,-1,31,79,5,49,97,50,90,84,46,10,27,84
107826,Ogden City Cemetery,41.23249817,-111.9622192,Utah,Ogden,United States,33,49,-1,88,80,91,98,49,93,74,5,56,72,44,74,57,51,62,25,13,100,33,82,77,34,70,53,12,-4,58,65,-5,-4,31,17,40,40,-9,35,88,-4,95,68,53,73,14,56,24,97,75,1,56,56,32,-9,25,68,12,77,67,69,79,42,81,-2,-10,70,97,10,19,40,78,36,28,72,-3,42,-9,85,55,1,-1,88,30,31,77,-4,94,5,9,35,49,17,-3,5,36,50,70,32,60,73,4,-10,63,21,70,4,84,26,31,64,-7,71,37,67,16,4,-10,36,-1,36,74,55,76,69,94,37,46,40,39,3,100,60,16,61,31,35,88,33,-5,18,25,2,42,18,28,100,32,85,79,31,20,67,1,-5,95,59,24,57,37,-7,43,41,36,49,29,6,58,58,66,90,56,4,0,-2,38,48,19,-2,13,24,14,50,28,2,-9,84,93,-9,86,72,89,36,52,58,45,93,10,6,74,95,43,65,76,71,97,32,62,11,61,-7,55,27,24,56,76,34,14,90,37,25,2,89,10,-2,82,37,28,35,7,33,37,70,10,68,16,-1,47,69,-1,25,-9,6,81,23,16,81,-5,4,96,77,19,3,37,92,86,90,-3,11,31,38,28,19,-2,80,18,100,83,22,92,10,52,84,46,69,74,6,56,61,6,27,74,96,93,1,43,28,6,98,38,77,68,2,28,31,-2,2,75,32,62,38,75,74,1,17,-9,64,80,13,57,1,95,27,31,4,60,50,21,88,72,8,15,13,-2,61,69,6,35,47,45,78,31,55,5,-1,11,38,30,77,13,84,28,54,46,68,8,-6,-7,22,48,94,33,56,76,48,13,51,45,24,46,87,-4,-6,75,78
107828,Paradise Cemetery,41.56999969,-111.8230591,Utah,Paradise,United States,-5,74,77,62,47,40,61,87,0,90,56,96,-8,37,38,6,97,38,46,59,18,67,48,7,40,16,56,44,91,90,42,58,52,15,66,62,69,1,3,30,31,98,52,7,68,74,29,28,35,84,13,47,52,48,82,35,68,41,69,90,57,8,80,46,31,67,39,6,80,57,11,44,-5,4,99,85,75,64,72,19,95,31,70,77,38,49,51,14,19,86,99,33,54,20,32,100,56,68,48,44,-6,39,22,81,74,37,29,50,38,31,1,96,42,47,30,80,64,91,5,20,8,13,41,46,60,88,44,80,31,73,62,85,4,58,66,39,88,74,1,59,38,90,43,98,20,18,15,95,64,5,82,72,91,24,94,26,28,65,48,64,84,44,58,66,-9,90,83,28,33,37,9,96,50,53,67,94,42,56,96,87,56,13,85,38,0,67,23,58,11,12,1,51,6,15,84,66,96,26,82,46,75,51,67,48,87,70,51,57,63,6,19,27,95,38,90,2,91,23,60,76,59,0,71,40,79,-10,17,91,38,28,44,89,72,83,7,3,69,3,57,1,19,54,69,7,96,2,6,43,2,8,95,2,94,7,67,53,40,78,62,8,28,-9,46,60,55,87,-7,53,81,97,41,99,12,66,64,65,5,5,28,63,11,-5,98,84,0,28,39,-6,32,17,37,36,17,73,83,18,66,35,0,93,87,-8,69,72,94,26,44,44,58,43,28,2,25,71,18,-3,67,0,47,57,61,37,64,-2,56,75,69,70,25,27,48,11,20,-9,73,89,56,79,79,7,92,-5,85,52,23,61,32,73,1,9,91,47,55,60,46,23,95,94,29,39,48,50,45,97,75
107831,Payson City Cemetery,40.04999924,-111.7180634,Utah,Payson,United States,56,46,9,46,-4,89,30,28,37,56,63,16,6,37,25,43,42,25,78,89,93,27,48,22,87,45,59,52,72,74,13,60,54,45,-9,73,-6,1,84,32,65,8,9,88,40,53,50,11,2,54,10,57,83,84,96,29,-5,6,90,96,92,12,57,62,78,-2,67,75,74,96,16,91,81,50,97,69,53,51,8,51,29,68,19,17,44,-9,21,44,63,1,40,35,15,68,39,8,71,25,0,65,-6,22,43,10,82,80,-5,35,46,47,46,99,56,52,0,24,38,88,92,11,69,97,15,80,80,5,13,18,72,-7,38,29,27,74,6,66,55,98,70,5,96,37,-5,82,37,-9,-1,89,16,16,44,23,65,4,41,100,46,19,62,81,93,72,95,60,23,50,97,27,2,13,63,8,34,99,52,73,44,29,-8,24,47,28,45,21,78,52,97,85,49,82,-2,9,3,90,12,7,71,-7,67,65,5,42,2,13,12,60,73,98,18,95,84,90,35,85,74,92,82,71,47,-2,65,18,76,82,33,78,65,15,52,94,75,73,10,90,10,5,61,75,-5,63,-1,48,84,100,61,7,7,48,25,12,23,88,89,61,87,56,7,68,12,-1,77,54,1,77,-5,-5,79,33,-4,39,96,-8,22,66,9,93,57,61,6,27,67,46,73,38,11,10,89,94,79,53,65,69,61,59,5,9,40,84,81,70,36,1,54,73,54,24,56,-9,58,29,22,28,78,39,33,-2,-1,77,35,71,35,33,20,-8,70,69,13,-1,21,91,72,35,57,44,27,46,75,-10,88,78,15,-4,88,89,78,35,52,5,13,32,-3,-3,81,12,19,46,81,-6,46,83,88,32,8,52,47
107838,Provo City Cemetery,40.22499847,-111.6444397,Utah,Provo,United States,27,19,83,42,94,81,64,88,48,42,50,65,22,61,26,-8,51,56,40,-9,70,46,5,71,14,74,28,86,-5,-5,46,43,24,26,17,43,46,76,-10,62,17,94,11,17,41,39,35,22,24,29,43,61,13,78,-8,7,5,48,-3,88,14,-7,6,1,62,69,-5,98,5,38,30,14,34,37,20,63,84,26,-4,99,77,77,81,78,39,46,93,97,9,55,27,46,-3,47,36,31,7,12,5,9,100,4,6,17,14,79,-2,6,52,39,68,90,25,-7,11,35,47,100,22,-9,34,90,90,15,28,56,-5,56,65,97,3,49,56,38,9,82,80,54,6,8,51,68,4,52,48,4,48,18,53,93,8,63,38,94,80,39,79,74,6,29,88,-4,30,5,29,6,26,18,14,73,84,2,92,95,-7,79,-6,5,-6,22,21,75,87,-8,97,39,65,53,79,92,10,29,56,75,3,17,60,-9,-7,30,2,35,-1,79,4,13,-3,91,37,31,63,72,99,15,77,1,22,91,39,76,93,20,7,96,47,29,36,34,9,14,31,66,87,24,28,40,59,80,33,36,85,92,33,83,81,17,65,47,83,44,4,74,55,0,71,89,84,42,81,59,-5,49,-10,40,21,37,3,69,51,82,-6,81,22,92,-5,12,69,28,88,94,35,30,68,22,71,97,48,-6,2,-5,55,7,35,4,57,56,29,11,11,88,24,87,88,68,81,33,53,54,87,97,27,87,93,99,69,-8,79,-1,84,44,30,11,24,55,85,44,-6,74,6,-8,34,12,69,37,56,71,69,88,87,93,44,100,3,-6,-1,50,21,14,20,77,4,96,70,67,4,30,93,17,48,-4,96,97,100,94,90
107843,Salt Lake City Cemetery,40.77840784,-111.85817,Utah,Salt Lake City,United States,98,15,97,-10,17,93,61,-5,65,45,15,85,59,-8,6,80,33,36,12,0,26,18,87,3,93,4,56,36,52,45,-3,36,92,-8,51,69,30,38,16,19,90,79,46,62,14,-4,17,71,37,95,58,43,87,20,58,51,7,8,86,95,0,-10,46,34,43,33,60,44,28,80,66,70,9,98,30,77,23,75,59,79,78,98,92,87,56,80,88,84,0,52,97,64,14,29,7,73,-1,61,78,61,8,40,88,39,32,18,57,75,99,28,53,95,-4,66,71,67,41,10,25,100,81,13,14,-6,92,78,86,44,45,53,20,97,89,31,-4,94,42,78,22,8,91,79,62,1,74,27,9,81,98,87,42,87,88,15,99,97,8,20,21,-2,69,47,40,4,0,96,32,42,30,91,6,80,79,11,88,57,26,-1,54,54,62,2,66,62,57,42,98,35,97,28,37,49,44,24,94,0,33,47,85,3,-2,20,100,2,96,37,69,14,40,99,-6,89,86,77,64,91,29,92,55,51,49,59,27,43,89,60,6,57,86,24,30,60,74,55,61,18,18,36,74,24,66,48,26,87,45,37,26,30,32,78,-8,-4,80,95,56,-1,3,10,53,27,99,23,78,83,4,35,26,60,76,27,51,56,-5,80,71,83,47,96,27,26,32,43,46,64,-1,46,64,57,87,76,24,94,3,85,17,80,-3,82,-10,97,24,18,73,97,89,72,64,43,52,54,92,7,66,0,53,100,67,19,39,24,82,67,24,13,70,26,90,-4,84,-3,1,63,-10,6,68,87,83,96,40,32,78,-8,6,61,12,18,64,95,29,33,42,99,34,31,99,-10,61,62,20,11,95,17,93,80,41
107844,Santaquin City Cemetery,39.97000122,-111.7819366,Utah,Santaquin,United States,81,100,86,29,37,12,94,-4,66,15,96,44,32,42,64,56,27,93,54,74,87,43,46,80,86,47,21,34,40,42,53,53,41,62,61,64,-10,-10,30,28,38,71,21,47,46,2,71,1,0,37,23,20,8,96,49,83,36,73,86,73,98,99,72,98,42,-2,96,83,93,61,68,26,20,92,87,79,23,37,81,-10,35,8,-5,22,14,39,68,80,-2,41,78,36,26,94,46,74,27,84,52,38,56,48,69,69,71,55,56,-8,-8,100,37,73,67,-6,25,37,78,61,-7,12,80,20,19,5,90,81,71,26,28,-8,22,4,27,98,28,83,29,91,84,73,77,87,14,59,92,95,28,-6,53,4,55,68,13,20,33,44,4,51,38,61,89,65,43,62,81,58,13,91,16,70,25,51,96,65,68,41,55,71,96,-2,13,38,1,5,62,37,78,60,40,94,64,1,45,72,86,100,49,14,3,69,60,86,-7,-10,16,61,37,15,66,69,44,78,8,49,33,65,13,-3,90,-7,42,84,71,99,90,33,50,-2,88,11,14,10,22,-7,47,14,26,55,44,-5,28,47,85,44,60,-9,11,72,21,-2,10,56,95,55,-9,9,51,8,40,69,29,23,6,-9,26,25,6,23,40,47,83,72,-1,73,14,65,23,40,32,34,5,-5,100,78,68,59,81,48,64,32,50,34,27,44,29,8,-1,35,13,50,36,93,-1,11,23,-7,85,-8,36,72,-9,37,64,76,55,73,84,69,15,9,61,82,79,7,20,3,17,76,89,77,23,-8,43,97,51,9,14,99,77,15,50,67,20,27,80,63,28,77,17,47,8,96,47,22,4,16,25,90,97,66,8,68,4,3,18
107847,Smithfield City Cemetery,41.83555984,-111.8216705,Utah,Smithfield,United States,41,75,-4,2,29,85,18,26,85,-8,75,43,28,96,38,20,81,64,45,35,98,30,-6,73,70,-6,50,40,58,47,54,3,78,58,73,-10,52,96,76,38,100,12,21,66,95,7,24,75,36,75,8,35,37,91,22,47,44,54,38,48,76,73,71,-6,-1,19,93,-6,0,-5,99,66,76,42,13,73,95,53,-5,61,53,11,97,64,41,30,84,60,30,50,65,63,35,35,63,83,19,45,48,10,-7,64,59,45,89,19,38,62,3,51,43,62,48,16,80,-7,84,36,18,39,65,1,77,24,38,78,41,44,20,93,2,92,69,21,46,65,67,48,10,49,-6,90,-4,57,62,92,-10,15,38,15,99,79,83,59,86,60,24,20,-5,38,100,77,15,48,75,50,23,87,83,96,41,30,75,70,19,33,50,11,26,100,66,0,-5,65,69,81,100,78,24,87,43,48,58,96,59,62,84,56,28,72,28,68,51,-2,49,58,42,-4,49,5,82,-10,70,81,3,55,41,21,32,89,15,76,85,-7,12,66,15,43,-7,5,66,49,58,39,56,76,4,44,63,-10,50,64,63,82,99,68,8,19,66,-7,96,46,54,-4,84,12,-3,89,36,0,-9,11,18,-5,44,74,-10,13,8,6,46,24,70,88,84,88,83,57,-8,69,95,34,58,35,86,34,44,96,31,32,63,59,23,100,72,14,37,25,1,52,34,94,33,61,80,33,81,85,15,-6,71,32,32,50,-5,51,44,49,26,-4,9,73,72,39,85,1,-5,43,52,36,27,42,82,87,36,38,89,80,19,42,30,77,-7,80,22,98,-5,55,63,44,5,-7,24,6,89,67,2,4,25,50,60,65,-9,93,33
107849,Springville City Cemetery,40.15894711,-111.6149511,Utah,Springville,United States,43,100,-5,3,22,1,92,87,57,87,92,77,76,54,56,41,47,62,63,12,67,44,18,2,76,20,51,30,23,28,35,87,81,96,78,81,58,73,6,17,25,54,50,72,70,45,1,3,-10,59,100,78,99,11,61,97,52,40,68,48,3,94,73,10,96,58,14,92,18,44,47,12,81,24,80,26,38,51,73,17,-9,98,20,31,74,3,11,74,0,86,88,1,34,44,16,76,-5,14,47,51,29,26,6,34,-7,59,9,85,27,-5,28,84,-5,94,23,15,-9,40,9,89,17,73,99,65,24,95,43,22,52,98,35,44,58,20,54,84,48,28,23,16,78,30,77,83,94,25,14,50,36,14,-1,92,13,75,18,4,74,99,50,26,1,20,82,31,43,-7,34,13,63,90,14,11,-7,5,17,56,34,-2,42,60,59,51,90,49,58,67,38,-1,44,7,29,39,35,57,-8,55,66,69,13,-7,32,47,61,9,44,26,3,68,37,28,3,55,-8,69,60,-9,49,38,61,-6,54,50,51,80,87,68,95,47,79,31,10,1,43,19,78,84,38,43,46,95,54,66,81,45,89,78,94,27,82,15,32,35,97,29,71,50,70,89,4,68,68,74,57,57,95,84,-3,27,42,32,86,72,61,92,42,28,21,68,92,56,96,46,54,1,79,9,67,22,12,2,51,63,86,-4,3,5,72,4,55,74,93,40,16,13,67,51,-8,47,91,19,67,53,61,56,31,11,93,76,46,58,32,94,44,91,43,40,21,60,83,40,100,48,59,45,84,-3,11,81,1,92,33,29,73,17,84,45,-10,85,98,61,22,46,53,36,15,78,75,36,10,-2,99,2,34,7,0
108290,Maple Hill Cemetery,43.25167084,-73.09388733,Vermont,Dorset,United States,70,5,85,32,46,44,39,25,26,-8,7,17,94,82,87,33,71,96,4,-7,-3,44,27,90,55,1,72,6,95,69,61,56,25,100,42,42,41,27,5,6,24,41,84,71,99,58,28,100,0,29,-9,57,24,80,46,32,19,94,12,18,-9,75,63,88,13,3,72,79,95,1,31,12,20,90,91,11,78,20,74,96,7,21,0,72,-7,87,39,77,98,46,49,92,65,69,41,91,99,27,92,9,0,-7,54,59,1,89,83,49,100,92,12,49,51,81,17,57,81,16,73,-2,12,22,17,40,64,81,87,71,26,0,69,90,92,52,-2,18,71,54,73,29,3,51,94,6,60,-8,45,99,20,14,-1,23,43,99,35,3,48,90,86,39,-5,25,5,8,22,81,55,13,66,91,4,76,89,65,8,42,5,71,62,3,46,97,-7,-4,33,2,44,96,82,-2,85,-10,6,74,49,3,54,-9,13,29,32,87,86,85,86,2,68,96,-10,96,57,69,79,0,28,76,83,58,14,29,75,85,45,-4,26,39,62,98,47,-2,92,57,85,61,89,70,44,15,9,13,54,-10,44,72,29,50,11,40,72,-2,66,86,0,9,46,2,33,18,33,75,33,80,33,64,43,-5,93,55,84,11,37,29,54,-7,19,-1,66,75,31,70,50,83,0,30,64,72,44,61,84,-1,64,11,21,14,80,37,91,47,86,39,69,90,-5,88,15,38,74,34,-6,7,58,28,-3,89,52,90,20,71,2,87,95,0,15,73,12,45,72,90,15,50,94,16,55,36,-6,93,61,15,49,76,96,60,-10,92,63,72,82,-4,20,46,94,75,17,83,49,27,7,61,38,54,53,23,22,97,17
116729,Cowley Cemetery,44.87664,-108.453571,Wyoming,Lovell,United States,87,7,50,70,20,80,25,15,28,40,13,13,14,35,61,55,16,2,10,55,95,27,83,68,38,43,62,24,68,93,77,81,15,62,10,0,71,41,32,66,1,98,-9,-9,40,12,66,23,-2,29,30,64,42,49,85,41,89,-4,-4,26,62,33,22,-6,17,58,52,69,100,72,30,54,73,79,47,74,74,31,46,66,29,6,26,71,22,19,85,84,72,84,97,77,17,8,9,21,8,94,5,-3,34,52,81,-4,6,68,76,58,90,30,21,89,4,61,94,81,-9,30,84,18,33,86,14,30,50,5,66,10,51,41,50,13,-10,19,48,61,24,54,57,17,34,90,9,37,60,96,28,93,60,93,63,76,31,46,82,10,86,58,96,6,26,92,23,33,98,11,67,10,64,59,97,16,15,10,51,19,72,45,75,91,26,55,11,-5,83,83,12,2,21,68,26,66,69,7,2,14,-6,9,9,38,99,49,-8,36,-4,48,38,56,80,11,52,36,36,-4,-5,95,-5,93,2,77,16,38,67,52,1,-2,6,25,26,61,13,48,-3,98,20,43,19,66,61,56,0,81,95,-6,1,14,79,41,44,89,28,80,32,17,9,16,40,38,82,35,66,29,54,92,69,34,70,3,91,18,53,33,14,71,88,58,82,25,5,16,-1,61,47,98,36,60,91,48,58,-7,29,88,90,66,6,45,55,15,47,82,45,91,3,93,94,37,100,-4,30,26,-9,4,84,10,19,93,54,86,12,21,8,-4,69,27,83,93,52,-5,47,83,80,44,64,-8,11,23,93,92,5,16,82,93,60,11,78,16,53,7,17,56,6,83,90,8,69,78,34,60,8,0,41,-1,80,2,-4
116774,Lovell Cemetery,44.80971909,-108.3877792,Wyoming,Lovell,United States,70,9,100,10,17,13,81,27,38,89,1,86,74,95,10,26,8,5,45,39,35,40,2,38,-9,81,94,13,20,62,12,9,14,42,54,16,71,25,57,38,0,28,17,3,23,6,45,-1,0,57,42,76,49,38,16,45,3,91,12,40,-1,23,13,-1,-7,68,79,49,63,37,0,75,82,100,86,53,12,6,28,80,78,45,26,48,15,80,2,3,46,20,77,83,12,6,98,36,35,46,73,19,25,-9,87,48,64,17,23,62,42,-3,85,0,90,-3,8,62,46,40,21,21,68,33,92,57,79,37,27,35,61,72,80,77,44,48,87,42,23,-6,7,21,78,3,21,82,93,0,55,-2,26,16,1,64,35,75,1,12,38,71,76,52,0,10,86,30,55,93,80,35,4,6,98,-3,71,4,22,16,79,55,57,78,27,62,83,19,25,80,75,43,78,100,54,34,60,44,57,33,-10,-2,95,38,100,68,96,52,35,61,20,-1,95,65,53,50,48,71,13,83,30,-1,32,20,37,7,40,30,72,-5,41,4,23,-1,30,88,32,17,90,35,73,-7,-5,1,40,38,79,25,76,-9,81,89,39,15,58,74,91,74,39,3,-7,93,59,23,77,48,20,-5,39,66,60,91,15,-2,72,65,26,8,95,95,74,97,28,9,58,86,-5,9,35,95,90,59,0,63,69,59,63,20,94,26,90,14,18,3,81,100,74,0,76,94,48,25,5,66,15,76,8,69,78,62,51,34,72,45,70,34,26,13,83,15,13,-5,36,-5,81,35,61,29,96,26,98,8,84,45,55,-2,86,48,64,-6,65,-5,20,60,30,73,51,97,32,38,89,56,11,98,64,96,77,-2,87
116800,Plainview Cemetery,42.87361145,-109.8541718,Wyoming,Pinedale,United States,-4,61,-7,76,98,36,54,15,11,73,-8,3,6,79,24,27,35,57,46,36,2,68,20,63,16,75,21,-6,-2,35,64,94,66,68,83,94,68,54,43,30,72,93,-2,81,42,18,26,-10,93,2,60,54,58,8,35,63,92,-3,50,26,68,-8,69,28,56,48,0,60,1,52,16,-7,54,88,73,65,4,-7,6,-1,42,32,52,37,-6,34,53,1,-6,-1,32,95,84,66,54,69,85,78,4,-4,38,33,-7,80,22,-1,20,12,58,53,27,-6,3,5,99,12,10,43,-8,2,83,39,12,6,66,18,57,21,66,2,33,74,98,89,68,-9,33,87,58,-2,83,25,31,44,-10,87,18,39,-10,86,34,2,70,48,52,32,24,25,89,-6,88,49,-7,-5,3,-9,47,-1,3,28,50,31,49,36,38,61,13,67,32,-8,1,96,63,31,70,-9,49,82,99,5,56,24,3,86,95,59,31,26,10,88,20,30,20,65,11,65,0,40,60,36,24,-9,88,70,51,44,67,40,35,83,90,34,60,25,59,17,83,95,11,26,68,79,54,6,26,50,50,10,24,55,61,82,-3,-5,62,-7,17,-10,39,-10,63,0,30,23,51,67,76,57,87,6,66,27,91,97,60,10,55,59,43,85,100,95,72,49,45,21,90,-9,84,99,22,7,84,46,99,-4,18,10,37,23,45,51,92,81,11,24,65,21,86,98,80,15,59,14,5,39,55,93,73,1,29,1,17,46,76,-10,24,92,45,65,92,98,66,73,68,50,48,3,70,-2,17,63,67,14,95,27,1,60,55,37,77,15,24,-4,-3,71,60,85,49,47,64,31,44,37,73,76,36,39,79,50,74,59,1,65,26
116842,Fairview Cemetery,42.68193817,-110.9875031,Wyoming,Fairview,United States,16,-6,67,63,23,27,31,100,78,22,30,97,23,78,47,-1,1,53,75,32,24,39,87,84,20,61,31,49,67,36,66,25,70,-4,95,47,86,18,71,59,-2,18,2,57,89,38,67,60,91,66,19,-7,63,14,70,45,79,98,20,-8,5,81,74,87,89,-3,46,93,17,18,1,84,94,21,-10,-9,83,-8,9,80,11,29,69,7,43,-1,96,23,54,8,25,-7,61,90,98,-9,16,43,52,36,48,19,20,70,23,66,84,42,-6,56,68,81,-1,41,16,97,32,44,38,3,4,19,22,52,9,71,4,90,35,80,-4,68,86,-5,54,95,46,17,38,48,55,70,33,28,81,24,63,21,49,95,53,85,4,17,34,-7,75,89,57,59,35,-2,34,23,16,11,68,65,31,41,2,94,-4,91,7,82,52,11,65,49,57,78,8,70,5,78,-9,44,7,59,57,-4,81,6,-6,71,22,19,37,90,-1,88,7,8,-1,97,77,64,56,21,91,79,81,53,8,19,62,70,51,60,15,94,98,58,52,44,-2,96,31,0,55,87,48,13,64,-5,96,23,8,33,53,68,36,85,24,84,31,62,83,29,45,-10,45,97,100,46,49,14,63,47,36,-7,22,7,55,77,45,20,59,82,63,-3,78,36,72,63,94,63,7,10,100,81,76,47,12,94,53,88,78,-2,51,48,84,35,61,7,92,84,83,88,34,46,5,1,6,14,25,39,77,97,48,9,59,-5,-1,94,52,-3,-1,95,13,99,97,82,89,-8,15,78,74,49,61,41,84,18,83,30,11,10,52,79,-7,25,72,70,63,19,89,43,15,4,98,97,78,14,96,90,100,25,55,88,36,10,40,15,-1
118363,Second Creek Cemetery,35.02333069,-87.33666992,Tennessee,Five Points,United States,66,-4,19,64,32,55,85,21,44,52,78,95,29,66,19,5,86,25,40,26,65,84,18,15,88,49,80,36,71,29,5,38,5,37,55,96,55,97,33,76,57,70,91,39,60,12,54,66,56,15,88,60,22,12,21,43,42,39,9,6,41,77,74,64,56,41,10,-9,66,85,95,63,66,83,67,5,23,99,81,97,8,64,21,95,13,77,87,59,22,61,64,37,26,-10,37,42,-2,33,88,39,20,61,2,24,-8,48,76,23,-3,86,89,-1,79,11,94,2,78,55,94,-10,-9,-10,86,89,44,15,75,1,41,2,86,76,82,36,100,55,54,100,64,87,65,35,67,51,83,17,0,81,-2,-5,32,33,-9,28,45,73,68,10,34,98,15,94,94,93,49,23,66,1,42,92,45,39,56,40,58,58,22,70,12,83,82,79,38,9,24,51,95,31,25,99,2,58,95,96,81,41,78,86,15,67,37,32,19,79,39,4,99,1,40,20,59,81,65,69,82,28,48,79,71,82,50,54,-6,2,25,29,2,16,98,90,14,3,92,33,67,88,7,76,27,48,6,25,23,-4,84,95,30,51,2,43,12,65,62,4,-1,72,6,70,52,21,59,4,64,16,15,76,40,29,53,55,40,53,92,84,49,32,47,72,30,78,63,93,100,14,64,60,72,20,73,62,53,93,8,64,45,13,42,68,58,27,86,2,28,48,41,47,90,80,-7,-3,4,5,11,2,39,58,17,81,96,90,99,91,12,-8,89,-3,37,72,-5,8,46,70,76,15,31,97,100,88,4,-9,-8,28,39,-2,95,-9,35,96,-1,59,-5,38,3,3,87,-5,26,31,89,49,47,99,26,-10,41
121372,Straight Creek Baptist Cemetery,38.93167114,-83.81944275,Ohio,Sardinia,United States,4,27,47,62,31,4,-9,1,62,4,56,-7,3,14,78,84,-5,12,87,25,93,2,57,52,-9,9,32,19,25,74,-1,72,67,43,36,1,-4,45,-2,16,47,-2,76,59,94,73,23,92,63,22,35,54,9,63,95,-5,84,20,35,83,34,37,62,21,77,84,99,47,17,74,47,14,6,52,22,100,81,43,2,17,41,95,41,-8,31,73,-5,82,66,-1,23,20,15,99,81,20,64,70,73,6,62,57,93,-7,83,41,44,0,81,7,20,73,-3,63,12,79,2,68,41,12,22,92,31,87,79,96,58,65,62,15,44,43,38,8,19,2,41,-10,27,45,-9,12,33,84,0,62,56,77,54,60,11,35,70,63,98,3,6,91,65,18,68,62,40,81,23,45,25,-7,73,84,48,59,38,45,-10,95,55,14,97,20,23,31,27,86,17,-7,55,1,15,2,10,59,37,-5,52,55,25,62,88,94,89,20,60,76,2,87,82,6,-7,82,61,1,71,59,58,24,79,66,15,3,27,75,86,24,28,83,-10,98,36,71,54,19,73,54,99,30,94,50,53,-2,95,71,89,91,20,87,-10,46,68,49,71,80,54,100,97,98,57,-3,78,88,48,4,33,16,56,37,22,5,52,14,62,64,21,93,36,61,-4,64,100,71,82,-1,-8,39,9,40,14,35,89,79,74,6,8,83,92,38,-8,4,59,24,48,31,45,42,75,7,87,14,1,73,50,43,54,55,44,13,90,58,13,93,24,37,52,11,54,37,33,76,43,42,42,7,15,-4,26,8,90,54,-8,95,80,15,22,96,59,90,86,40,74,39,9,24,12,74,11,-8,0,-3,76,84,51,65,54,91,75
123285,Antioch Cemetery,39.75138855,-90.10250092,Illinois,Jacksonville,United States,77,0,81,11,18,33,4,38,-8,63,33,41,57,58,52,65,94,-9,19,2,47,58,89,96,61,42,62,25,19,-5,37,7,43,92,78,11,34,80,23,85,33,78,81,52,16,36,17,83,32,25,27,76,27,86,61,76,2,79,36,53,7,-8,77,23,52,63,54,72,73,0,98,99,26,8,76,22,54,42,-2,88,41,90,82,84,24,12,-9,83,63,74,95,34,79,12,3,33,67,56,35,51,37,71,57,67,91,98,71,88,45,55,37,33,19,19,38,3,77,53,61,17,16,13,37,89,74,78,39,41,89,32,89,94,-5,-10,59,88,28,5,29,13,97,62,91,-8,76,63,75,61,72,91,36,26,36,65,88,15,67,95,49,9,14,9,91,57,29,42,69,75,7,37,45,72,-2,72,42,5,95,76,3,86,90,88,9,18,70,-8,64,96,64,52,82,97,74,14,27,99,1,66,8,68,52,57,21,-8,66,84,69,64,92,18,76,98,48,11,67,63,0,56,61,51,29,94,62,28,53,18,-5,86,91,-4,25,68,60,1,33,58,77,93,57,25,24,27,1,31,-2,-3,-7,64,45,56,5,26,57,44,76,43,7,51,36,51,80,-1,15,78,49,100,39,91,2,68,88,39,52,30,52,37,16,58,29,91,70,-6,20,71,14,50,62,-10,61,60,27,-4,6,48,25,75,-5,43,30,82,89,57,98,97,88,62,41,26,32,71,49,-9,-9,72,32,78,48,8,94,28,5,87,40,66,38,29,8,6,59,-4,-7,-3,45,90,13,87,50,51,5,68,17,76,33,76,27,79,99,0,96,80,16,77,63,30,65,86,91,28,79,15,71,97,8,76,54
141337,Old Burying Ground,42.37443924,-71.12000275,Massachusetts,Cambridge,United States,25,87,-7,38,51,89,20,-8,96,-1,39,15,28,99,100,31,9,42,68,20,6,46,42,63,71,3,62,93,81,10,44,79,46,20,87,64,64,28,4,41,44,56,6,68,46,55,55,5,6,84,78,-9,-2,-10,72,52,47,59,60,97,34,39,36,37,33,26,73,34,-6,78,98,75,45,6,99,90,2,79,82,45,-1,92,55,20,42,47,97,11,74,35,95,36,86,83,78,47,54,13,60,51,33,70,95,-5,24,94,64,27,31,19,1,-2,10,-10,34,43,90,6,32,69,-1,21,54,50,45,60,46,41,-6,20,7,43,63,71,63,73,66,25,4,1,57,40,56,41,-8,36,77,64,90,16,93,87,20,98,44,16,13,90,56,-1,45,-5,94,-3,-8,24,6,48,36,30,-6,57,11,64,96,-9,-3,58,81,10,84,24,88,78,12,75,76,58,99,26,34,56,32,-2,-5,61,60,95,44,22,65,77,55,18,0,58,49,59,27,-9,50,18,-4,2,-7,48,90,87,-6,66,-3,18,32,86,45,-1,85,41,44,95,-5,9,5,22,19,25,73,96,-3,17,23,68,86,42,71,5,4,0,30,95,84,25,29,57,62,47,93,69,9,39,28,46,61,46,15,51,17,98,16,78,44,55,1,68,92,94,45,69,37,-4,86,33,54,-2,12,3,58,25,18,93,13,32,53,6,63,88,-2,93,71,-3,37,42,65,49,12,49,74,52,71,44,-4,100,35,6,0,84,32,84,64,71,57,47,18,40,91,-1,85,-10,65,77,64,79,1,-4,-4,26,68,85,98,-6,66,38,89,62,61,66,52,97,33,-1,9,18,30,6,27,41,38,11,5,54,63,70,67,25,55
148252,The Burying Point,42.520732,-70.89207047,Massachusetts,Salem,United States,80,69,41,48,24,36,-2,76,91,53,96,58,83,70,26,51,71,12,45,36,57,34,98,29,62,89,43,56,84,49,14,-2,94,14,27,34,38,78,-7,33,17,50,21,26,30,93,49,18,79,37,26,75,85,87,32,9,60,99,89,45,28,94,80,19,98,100,70,74,20,26,6,80,88,88,-8,28,93,73,34,65,20,23,85,62,88,82,68,74,59,72,96,96,-10,43,75,24,25,29,69,2,56,95,67,78,92,29,3,49,88,31,0,76,52,35,65,14,5,65,35,70,0,23,28,74,68,30,43,87,-8,67,57,86,74,48,96,50,31,8,89,46,94,39,11,24,95,19,24,53,69,13,68,91,-9,52,100,74,2,27,99,-8,42,68,43,32,93,59,53,62,76,-1,44,28,26,-2,-4,28,62,89,25,46,66,-6,85,48,32,58,98,12,8,38,-4,58,-1,90,53,17,99,93,76,79,99,6,36,48,16,97,32,82,79,89,99,62,1,34,21,35,93,29,-7,37,94,3,51,-6,27,-7,38,53,46,16,23,36,69,-2,96,-8,51,6,55,55,49,-3,78,28,17,15,60,86,-2,58,79,52,94,95,-7,68,88,64,64,-9,100,9,2,-7,81,80,30,62,-7,82,40,36,16,-9,13,29,64,94,33,62,38,71,-5,43,18,16,78,10,32,-3,17,49,-7,15,75,90,58,72,85,15,39,17,-4,62,-9,53,9,91,96,54,71,48,90,93,29,35,11,42,4,59,55,81,91,-7,56,97,46,68,63,89,8,28,66,61,57,93,57,32,34,36,94,77,82,30,13,2,27,20,70,54,-2,41,92,4,81,31,48,-7,93,40,5,80,30,8,20
148413,Parker Cemetery,43.9638425,-111.7606745,Idaho,St Anthony,United States,30,-8,73,52,20,69,93,72,80,77,-10,67,9,82,95,-8,97,-1,81,94,86,89,87,25,98,-3,53,23,8,60,20,69,22,9,55,-9,68,18,99,38,18,56,59,11,78,88,-7,22,50,-6,76,65,8,27,36,23,88,96,81,57,29,59,77,7,77,54,2,88,-6,54,30,30,81,91,60,32,27,60,82,11,16,61,100,93,82,10,35,18,-5,82,51,67,63,27,98,57,44,61,34,20,51,97,55,67,35,24,5,30,77,19,1,13,70,99,8,51,9,45,6,36,4,57,-9,79,17,22,1,24,8,30,21,-1,44,64,88,87,7,53,24,18,97,58,-1,73,43,97,17,94,24,45,-10,14,29,31,99,23,4,84,66,57,29,42,8,-4,25,28,20,51,18,97,99,-6,23,85,11,91,50,37,1,-9,-2,62,95,99,82,86,11,80,80,40,-1,5,-9,-2,42,62,51,19,96,36,73,66,9,61,59,23,15,54,72,46,71,87,-10,71,83,-10,81,49,93,87,38,27,45,90,58,41,40,3,25,56,85,33,90,94,45,22,29,45,0,32,-5,27,50,66,43,86,85,69,41,20,22,89,50,82,51,35,-10,61,87,44,35,-2,53,79,26,37,26,8,74,8,34,19,52,97,35,92,45,85,13,93,15,17,4,59,-9,19,10,10,0,1,77,65,72,86,57,16,10,20,50,63,70,5,84,100,64,26,49,65,53,-8,25,54,83,13,68,89,21,70,95,36,56,2,50,70,89,19,80,32,-6,93,96,87,80,27,68,15,34,72,57,8,5,66,-4,8,35,73,12,25,53,51,81,62,41,73,59,0,20,43,44,9,4,40,31,38,68
148820,Grants Memorial Park Cemetery,35.160531,-107.836526,New Mexico,Grants,United States,10,-5,51,97,1,33,10,59,96,89,14,90,12,74,25,95,41,69,-7,94,68,1,0,18,67,7,42,46,28,35,-7,10,9,67,57,64,86,82,28,91,4,61,47,72,-8,90,92,67,63,-10,65,74,9,11,54,67,60,-2,54,42,91,71,89,0,11,53,65,91,15,9,-4,62,72,58,11,51,15,4,85,100,14,13,8,32,23,84,13,18,53,38,47,16,75,47,5,51,1,49,98,3,20,92,88,27,79,68,9,56,24,66,92,51,58,66,32,60,62,87,-4,42,34,92,49,55,2,45,39,39,2,-1,87,38,61,69,100,83,34,-5,1,63,2,71,46,86,62,10,-2,82,94,94,61,54,80,-8,53,9,85,1,22,88,59,20,82,20,95,-1,82,0,84,82,2,59,40,50,58,21,82,-5,59,28,45,72,2,75,8,20,94,31,84,36,-3,76,28,66,1,95,21,32,63,72,13,68,67,47,75,12,71,63,-8,77,32,14,93,-6,87,-3,100,-2,4,11,9,39,49,38,14,74,-4,66,51,-8,13,28,50,42,49,0,-3,27,69,90,85,12,78,43,59,69,25,32,100,35,56,65,62,21,11,69,46,3,92,43,62,55,-4,32,0,22,78,37,26,76,71,21,29,100,61,8,8,-3,67,92,66,23,8,79,71,25,3,45,-6,14,60,3,97,6,-2,-5,-1,-3,95,43,95,76,5,39,50,13,0,45,33,7,98,2,36,92,13,56,-1,11,75,62,87,92,19,9,10,46,50,32,27,99,-1,98,59,95,48,64,88,24,49,38,5,92,-8,92,3,48,15,83,-1,30,18,66,39,94,10,16,58,27,77,56,81,16,64,62,25
148832,Sunny Slope Cemetery,34.539047,-108.340516,New Mexico,Quemado,United States,77,24,88,22,40,71,55,86,68,85,21,22,70,-9,13,17,21,86,54,54,67,8,63,21,-8,4,80,-6,44,9,2,18,78,79,82,98,2,22,43,55,100,2,54,7,97,73,26,50,76,64,7,41,20,79,91,1,73,39,20,33,55,-7,51,4,-3,74,39,73,16,-9,37,14,2,-8,52,23,80,-7,96,0,36,9,100,25,7,38,2,47,92,73,68,15,54,3,75,-5,87,64,56,9,27,98,-7,23,70,22,37,55,34,18,17,64,40,28,13,89,-1,29,90,53,23,39,71,30,70,5,-10,98,30,100,14,27,95,10,62,-7,90,7,-7,35,36,7,64,42,97,9,19,2,97,45,79,3,41,20,100,69,8,62,88,51,42,67,-10,9,15,37,74,-5,91,91,18,91,-4,11,47,1,82,68,89,29,39,60,83,76,68,5,15,77,41,83,5,85,96,48,54,19,42,64,12,100,81,97,49,99,-7,2,33,17,46,59,77,21,93,35,60,68,11,86,1,-1,94,-8,-5,10,95,75,49,73,68,66,80,70,43,84,-6,98,34,46,8,33,69,12,9,88,7,24,85,82,15,4,39,23,10,17,58,85,-7,46,18,81,-6,84,-5,19,47,40,18,1,97,31,24,78,5,8,39,35,41,34,-3,79,56,52,67,90,32,2,74,39,12,58,49,49,58,91,-4,28,9,-1,5,41,62,-4,37,-8,81,10,27,57,50,59,14,83,57,51,-3,22,52,19,97,76,94,50,56,97,87,-5,63,81,29,-8,-7,55,30,45,-2,39,68,43,61,12,90,97,64,71,76,0,91,99,33,2,4,40,-1,34,35,11,92,2,55,15,88,9,61,77,0
158833,Providence City Cemetery,41.726458,-111.811623,Utah,River Heights,United States,98,72,11,18,12,53,7,65,-4,41,31,50,58,46,34,64,16,81,10,56,85,53,51,45,41,91,20,1,91,74,86,4,11,84,42,61,26,97,9,26,91,-1,43,-4,59,21,94,8,-8,61,67,17,-3,-8,98,93,84,89,1,34,84,76,26,82,88,57,56,78,95,55,73,75,42,77,19,16,67,12,90,2,58,70,43,-5,77,32,23,30,99,19,27,85,4,80,36,51,47,43,83,57,2,70,56,5,17,84,82,12,88,63,98,2,71,6,-9,36,26,-4,12,54,42,75,38,96,29,78,23,8,68,71,36,85,55,-7,47,42,25,65,46,97,21,17,65,-5,0,79,27,82,55,10,91,15,65,52,94,27,79,37,1,37,88,16,92,76,5,-7,7,8,9,55,73,67,23,67,50,13,84,99,42,68,42,66,77,55,25,5,17,68,23,99,7,1,42,53,65,93,82,7,65,46,30,23,58,6,66,40,30,76,93,32,53,7,5,92,9,71,68,58,23,8,47,26,1,2,94,65,40,48,7,25,-7,56,-9,65,58,85,71,100,9,10,50,90,90,84,83,50,49,-1,24,75,4,33,87,21,47,53,63,83,48,66,39,42,0,4,0,-7,72,30,-2,15,20,22,22,20,81,89,-9,49,18,71,29,77,77,51,31,16,43,12,94,74,69,32,-3,76,-6,26,73,85,-8,40,55,9,90,12,70,11,61,41,97,73,84,34,-6,-10,66,-1,-7,87,50,83,-6,100,61,63,-3,8,24,79,62,76,75,91,41,5,66,98,81,-2,12,56,-1,62,30,15,10,8,99,58,84,17,74,47,3,86,93,7,55,73,76,47,20,8,36,21,37
